edad,ingreso_mensual_usd,n_dependientes,historial_credito,monto_solicitado_usd,tipo_prestamo,plazo_prestamo_meses,empleo_estable,propietario_vivienda,historial_endeudamiento,educacion,prestamo_aprobado
56,1346.0463199680987,2,bueno,2094.408208223308,personal,24,0,1,26.473326855134786,tecnica,0
69,2928.703968389769,2,malo,2205.684003563845,automotriz,60,1,0,3.721140610447833,secundaria,0
46,1956.4243995961174,0,bueno,4739.08026192127,hipotecario,48,1,1,6.642433374933184,tecnica,0
32,3535.738039064031,3,bueno,4209.389045120507,automotriz,48,0,1,41.3562610117323,secundaria,0
60,3293.278596877479,4,regular,4633.612163556149,automotriz,60,1,0,14.89879260521124,universitaria,0
25,2248.096170938116,4,bueno,6302.322921304626,hipotecario,60,0,1,27.29519350986202,secundaria,0
38,2588.906466130645,1,bueno,5631.471797754713,automotriz,12,0,0,36.982903924269564,secundaria,0
56,2152.6291824888385,1,malo,5611.258460916309,hipotecario,24,0,0,-3.144560787784762,universitaria,1
36,2949.8567221814624,4,regular,7892.389330990787,personal,60,1,0,31.262461801557098,universitaria,0
40,3764.1138564009907,4,bueno,2222.2168916538412,automotriz,60,1,0,26.48943606259271,tecnica,0
28,2211.419162931565,3,bueno,5207.877668297799,personal,36,0,1,36.4039728093304,tecnica,0
28,3403.2372124142757,2,regular,3841.894904105492,automotriz,60,1,0,8.18476838335373,tecnica,1
41,2575.7939053020473,1,malo,7870.871571678705,automotriz,24,1,0,34.51254656954613,secundaria,0
70,2365.7017341901246,2,regular,581.2967883533129,automotriz,48,1,0,12.605855683973097,tecnica,0
53,2914.375712036354,3,regular,669.0368285739969,hipotecario,48,0,0,30.547778142766568,secundaria,0
57,2171.806142064501,4,bueno,5609.272592696101,personal,48,1,1,19.6397896424556,secundaria,0
41,2557.0805557222543,2,bueno,7252.593118648294,automotriz,48,0,0,27.707688064351387,tecnica,0
20,2041.6976859289211,4,malo,6546.5086426341,hipotecario,36,1,1,20.48869183305153,tecnica,0
39,4571.780106333112,4,bueno,3398.038413364583,automotriz,60,1,1,1.60598415813271,secundaria,1
70,3028.210841577383,0,bueno,8012.84344400316,hipotecario,48,0,1,-11.205440229437968,universitaria,0
19,2440.2195936059315,2,regular,2537.0625028115833,automotriz,12,1,0,22.09915533983491,universitaria,0
41,3171.1839285873775,2,bueno,7614.968379086689,personal,48,0,0,17.362649623686522,secundaria,1
61,2910.1375602473363,4,malo,2801.5434992837127,personal,60,1,0,23.982209514202935,tecnica,0
47,2823.2243203734215,3,regular,4296.351655325557,automotriz,48,0,0,17.478465341564252,secundaria,1
55,3491.33336003474,0,malo,6278.539075713835,hipotecario,36,1,1,40.1807738271782,secundaria,0
19,3606.006168037844,4,regular,2067.58433820767,automotriz,24,1,1,22.305371278283044,tecnica,1
38,2575.599081911578,1,bueno,7938.046795081535,hipotecario,24,1,0,15.530522724173345,universitaria,0
50,2539.345407484256,1,regular,4284.112337197372,automotriz,60,0,0,23.37363066346866,secundaria,1
29,2779.9586422786847,0,regular,5274.552271356579,hipotecario,24,0,0,15.713252031186943,universitaria,1
39,1158.4630682115321,3,bueno,7324.401578081504,personal,24,0,0,20.929302341139874,universitaria,0
61,1787.8471502411583,4,bueno,3413.7493096657,automotriz,12,1,0,7.825198127641656,tecnica,0
42,4093.4994139556197,2,malo,7121.6273725107785,personal,60,0,0,19.914147981403946,secundaria,0
66,4315.974170801027,0,malo,8281.06714178474,personal,60,0,0,15.221476039648252,secundaria,1
44,2800.7711683548973,3,bueno,3688.8420053408418,automotriz,24,0,1,8.772633746313204,universitaria,0
59,3461.245570444613,2,bueno,7738.775345192589,automotriz,24,0,1,39.757358680726426,universitaria,0
45,3249.000123634829,1,bueno,1478.842811516794,hipotecario,24,0,1,9.162646300598338,tecnica,0
33,5463.10464676419,1,regular,5779.200789589134,hipotecario,36,0,1,20.069642234419376,universitaria,0
32,3895.6599291476614,2,regular,2542.802968592383,personal,48,0,0,11.971919650512428,tecnica,0
64,2897.6659268153867,0,regular,6885.137097072378,hipotecario,36,0,0,22.97039470879875,secundaria,1
68,2235.5676475196597,1,bueno,6720.912096844407,hipotecario,60,0,0,7.256148655310826,tecnica,0
61,1714.842943793942,4,malo,9154.759991182487,automotriz,12,0,0,28.40356823935551,universitaria,1
72,3162.7709086937784,2,bueno,7842.565965904999,hipotecario,48,1,0,40.36156186358841,secundaria,0
69,2394.9194037725574,2,regular,4668.45760479709,personal,12,1,1,11.604607628993302,tecnica,0
74,1862.1970323218607,1,regular,2836.505025402319,hipotecario,60,0,0,32.169688626813205,secundaria,0
20,2482.7416926059786,0,bueno,6131.37415933878,personal,60,1,1,16.1812065560431,tecnica,0
54,2134.7615971084842,4,bueno,4878.537179229013,automotriz,12,1,0,35.05791121076086,universitaria,1
68,4349.713308058052,0,regular,8102.310089191407,personal,12,0,1,41.88498986095991,universitaria,1
24,3705.3118055595605,3,regular,667.2383131684437,hipotecario,12,0,0,17.662949882915413,secundaria,0
38,2993.621886946706,3,regular,9376.113518577255,automotriz,60,0,1,4.7973391910534815,secundaria,0
26,4183.95531111202,1,bueno,6063.981215223607,hipotecario,24,1,0,29.480843874360897,secundaria,0
56,3061.8946461180944,1,regular,3373.9757565592554,automotriz,12,0,0,22.244172079441164,tecnica,1
35,2310.972638937389,1,regular,6467.978454837132,automotriz,48,1,0,25.01791167777641,universitaria,1
21,4218.499261815726,3,malo,7594.842842579407,hipotecario,60,0,0,16.60154958155635,secundaria,1
42,3431.128034947727,0,bueno,5228.693782607377,hipotecario,36,1,1,11.15507181339301,secundaria,0
31,2170.203076538835,0,malo,1470.159231710314,automotriz,36,1,0,31.60348180966974,secundaria,0
67,2847.7290575331135,1,malo,4412.305927305788,automotriz,48,0,1,23.197899945560327,tecnica,0
26,2299.505397292194,4,regular,7078.790106084276,hipotecario,24,0,0,5.564429658162746,secundaria,0
43,1893.7602152285313,0,bueno,5993.329468454749,personal,12,1,1,26.868752232028935,secundaria,0
70,3740.942038025313,3,regular,4686.985938329254,hipotecario,60,1,0,24.861685979665005,tecnica,0
19,4527.533312376105,2,bueno,7616.631661782871,automotriz,12,0,0,16.74701075676436,tecnica,0
37,1881.145940944687,2,malo,6478.611681664594,hipotecario,60,0,1,36.19813234242322,secundaria,1
45,3450.3753893524568,2,bueno,6632.678311876688,personal,36,1,0,13.818268376527357,secundaria,1
64,2479.4859447025383,4,regular,4178.730616038398,hipotecario,12,0,0,18.310135018451582,tecnica,0
24,2610.2996929882434,1,regular,3985.232636507803,automotriz,48,1,1,27.68648087968198,universitaria,0
61,2526.084860608905,3,regular,1600.0805586339575,hipotecario,24,0,0,20.767629503307216,tecnica,0
25,2308.807384256147,4,bueno,4481.216488125488,automotriz,48,0,1,6.155768456415636,universitaria,1
64,3038.8173023558616,3,malo,6870.784107596256,automotriz,24,0,0,21.837993729934297,secundaria,1
52,2335.2399068711698,3,malo,4591.813405968826,hipotecario,12,1,1,15.856102080347673,secundaria,1
31,3216.365460623871,1,bueno,5891.0776930580105,automotriz,12,0,1,28.569962449162634,universitaria,1
34,2959.8095124406905,2,regular,7222.39871330656,automotriz,24,1,1,21.512183439951396,tecnica,0
53,2808.8415625068724,1,malo,5745.665983597264,personal,36,0,1,20.94507653047391,secundaria,0
67,2273.9490703667216,4,regular,5941.029523521604,personal,60,1,0,9.517488362809484,universitaria,0
57,2538.582935545334,4,bueno,2284.3550759248915,personal,48,1,0,17.699746920859944,tecnica,0
21,3604.312980660605,4,regular,4354.8704317960455,personal,48,0,1,29.701010940126537,universitaria,1
19,3400.7337500995045,1,malo,8453.253012993191,automotriz,48,1,0,12.23463655458629,tecnica,0
23,2217.955804161159,3,malo,5207.594362192187,hipotecario,12,1,0,19.67449776912286,tecnica,0
71,3079.465844343381,3,regular,8793.47636399315,automotriz,48,1,0,10.635539483509904,tecnica,0
59,3601.109698697431,0,bueno,3553.768738722106,automotriz,60,1,1,8.161573589483309,tecnica,1
21,1664.4757751029026,4,regular,5467.894904269079,automotriz,60,0,0,19.151409550106475,universitaria,0
71,3434.688153903948,3,bueno,4234.6431248962635,hipotecario,24,0,0,21.738011648773384,universitaria,0
46,2469.9009928433225,0,regular,6183.969370249106,personal,12,0,1,39.93862939232595,universitaria,0
35,3456.4789348745276,3,malo,6790.017336120241,automotriz,60,1,0,15.44539616153791,universitaria,0
43,2389.3926747659866,4,bueno,6204.932191401801,automotriz,36,1,1,19.498307323661177,universitaria,0
61,1556.0943194683848,2,bueno,7083.704287496057,personal,12,0,1,7.499264820290751,tecnica,1
51,1697.9660496934698,4,bueno,4973.654022955347,automotriz,12,0,1,26.12240014906914,secundaria,0
27,3038.4679573291055,1,malo,4618.943264672645,hipotecario,60,1,0,23.980947793532806,secundaria,1
53,3207.7780013771853,3,regular,1483.6139854480566,automotriz,36,0,0,34.883946776914286,universitaria,0
31,2276.5466999164732,3,malo,6276.901870329129,automotriz,24,0,1,31.116221515087087,universitaria,0
48,3510.8739670218993,1,bueno,5344.368184480314,personal,60,1,1,23.51406668842283,secundaria,1
65,1670.783950184832,1,regular,4864.170524874934,automotriz,36,0,1,15.299285004112996,tecnica,0
32,2947.136161082147,2,malo,4618.36518909131,automotriz,12,1,1,22.046684378900604,universitaria,0
25,2031.1870401900346,3,bueno,4926.24087731242,hipotecario,36,0,1,18.88986537868239,tecnica,1
31,2478.5311137582726,3,bueno,4527.527737004166,personal,12,1,1,29.533975332379796,secundaria,0
40,3037.9189370531312,2,malo,3943.9323228733906,personal,60,1,0,28.262314899624684,secundaria,1
74,2311.6693077728382,0,malo,5479.177761448337,hipotecario,60,1,1,17.035845563452447,universitaria,0
57,2692.35556461614,2,malo,5968.318237865906,automotriz,48,1,1,5.380062201731221,tecnica,0
38,3805.0342473715523,4,bueno,3458.8641712276385,personal,48,1,1,33.33387300220424,universitaria,0
33,2538.486504381481,3,malo,4198.528861625218,personal,48,0,0,25.81873956823205,secundaria,1
62,3668.5536896521135,1,bueno,4590.756497470263,automotriz,60,0,0,16.80509929427331,tecnica,0
35,2096.2345162739057,4,malo,5009.62661475357,automotriz,24,0,0,25.42873348103671,universitaria,1
64,3423.8433423322263,3,bueno,4743.629060828465,personal,60,1,0,20.74861306250029,universitaria,1
70,4153.25489652632,2,bueno,6319.4423993127875,automotriz,36,0,1,33.18617926219474,universitaria,0
41,1022.6843998981685,4,regular,1695.2659685923813,personal,60,1,0,0.702197681949734,secundaria,0
43,2362.483795623619,3,malo,2049.925603319766,automotriz,60,1,1,16.028090334865674,universitaria,0
42,3461.657701744432,0,malo,5387.138798507156,automotriz,12,0,1,35.990545154786886,tecnica,0
62,2837.5636911656056,0,bueno,3794.6283043444228,hipotecario,12,1,1,25.631984034673124,universitaria,0
58,3296.916698697047,1,bueno,6768.484611547621,automotriz,12,0,1,37.72606668314208,secundaria,0
46,2516.8118506273436,3,bueno,7339.601905177101,hipotecario,60,1,1,7.781929068365356,universitaria,1
32,3069.27182997832,0,regular,5467.494352845821,automotriz,24,1,1,30.721967159384874,secundaria,1
62,2875.458211686336,2,regular,2856.0501674516418,personal,36,0,0,30.12224423453833,secundaria,1
18,3934.225649327846,3,bueno,7109.187032454118,personal,36,1,0,3.182714646711659,tecnica,1
42,3203.5366746409704,2,malo,5397.805324300654,automotriz,24,0,0,17.04497710466916,tecnica,0
24,3270.0821296601616,2,malo,2026.1280549457647,automotriz,24,1,0,18.934708948059168,universitaria,0
26,2670.498427102026,0,regular,2202.9607038696313,personal,36,0,0,3.8044397123259444,secundaria,1
41,2609.9150207420053,3,regular,8033.89357941729,automotriz,48,1,1,17.25397673479561,secundaria,0
18,2653.9534497443033,4,bueno,7702.271826522459,hipotecario,12,0,0,28.73183140778606,tecnica,1
61,3315.5617139026376,0,malo,-34.2862841924898,hipotecario,12,0,0,16.0907694047526,tecnica,0
25,2663.21241534379,0,bueno,2284.4182094842463,hipotecario,36,1,0,22.421331556740263,universitaria,0
41,3231.8198855171304,3,regular,7281.710991243311,hipotecario,24,0,1,22.493702827276522,secundaria,1
28,4660.3206389163515,3,malo,4963.014823213904,hipotecario,48,1,1,19.87856588861234,tecnica,1
68,3696.8997627453537,2,malo,6403.698570984186,automotriz,36,1,1,12.948179759745713,universitaria,0
34,2739.181174265727,3,regular,4876.094507803807,automotriz,12,0,0,26.58813974883898,secundaria,1
25,3960.971137731156,2,bueno,6308.984980142408,hipotecario,60,0,0,4.129662384740085,secundaria,0
52,2673.539701582759,0,bueno,5011.667093330867,automotriz,24,0,0,20.085881385081827,tecnica,0
52,1369.5003718577168,1,malo,4124.783486486067,automotriz,60,0,0,33.854863405180886,universitaria,1
50,2193.530951266077,4,regular,7117.487659829619,hipotecario,36,0,0,15.526267501587846,tecnica,0
22,1503.3664631793154,0,malo,5404.109232051292,automotriz,12,1,1,12.726787784977226,universitaria,0
59,2718.789212766953,3,regular,6304.777432487133,automotriz,48,0,0,27.255161387753777,secundaria,0
56,3014.734703351641,4,bueno,5314.895849921533,automotriz,60,1,1,21.63431760587132,universitaria,0
58,4341.149849820226,1,regular,4027.2862129003743,hipotecario,48,0,0,27.454472820569325,universitaria,0
45,3261.5418990113303,1,bueno,8216.778622714384,automotriz,12,0,1,20.384984856952723,universitaria,0
24,2824.7195769529085,2,regular,5709.936509515332,personal,60,0,1,-3.8829245075117953,universitaria,0
26,3663.5244649467913,4,malo,4289.902711255697,personal,48,1,1,31.79913410425699,universitaria,1
25,1231.091752793692,2,bueno,7556.658940637431,hipotecario,48,0,1,40.70026382478275,tecnica,0
29,3188.491646486853,0,malo,2358.3524522420857,personal,60,1,0,32.840410068362864,universitaria,1
51,3616.6921551095734,4,malo,9472.567301591973,hipotecario,12,1,0,-15.388577250697594,universitaria,0
50,1817.1310033761267,0,bueno,4641.700484673143,personal,48,1,0,24.510882125055666,secundaria,0
65,3915.003234565543,2,bueno,2463.971585233247,personal,36,0,1,15.332541894249538,universitaria,0
72,3270.797125995531,4,malo,8811.88269691513,personal,60,1,0,9.15756246388291,secundaria,0
40,2667.769668879359,2,malo,4073.664773854417,hipotecario,24,0,0,21.22732161638273,tecnica,0
41,3506.225492885028,4,malo,5486.489139711254,hipotecario,24,1,0,18.510527051002793,tecnica,0
54,4816.554286243517,2,malo,6435.381482878927,automotriz,12,0,0,25.08657804279841,universitaria,0
52,3145.493004046796,1,bueno,7368.345055320291,hipotecario,36,1,1,20.56580189305454,tecnica,0
61,3198.576469040269,2,bueno,5599.549127443129,personal,48,0,1,8.791878931110231,universitaria,0
57,2632.511280367805,1,malo,3705.3691833399257,personal,24,0,0,14.233982232570291,tecnica,0
39,2320.124504428167,2,regular,5437.9850466679845,hipotecario,12,0,0,12.62041443674984,universitaria,0
44,3664.2686532353964,4,regular,4161.368909336557,hipotecario,36,1,0,2.8351682325555387,universitaria,1
52,2315.1329392729062,4,bueno,5498.0233527290475,hipotecario,36,1,1,6.283553560461165,secundaria,0
18,3057.252989775514,4,malo,8256.299091513716,automotriz,12,0,1,17.889313301148057,secundaria,0
52,2617.874042587907,3,malo,6511.850383287588,personal,12,1,1,34.23754075307279,secundaria,0
54,3383.1838605971134,0,bueno,5413.292876196678,automotriz,48,1,0,14.644429203012052,secundaria,1
64,3266.9296842295585,4,regular,6476.981665212681,automotriz,12,1,1,12.425692252472103,universitaria,0
31,3830.0319554063194,1,regular,6620.161303818371,personal,48,1,1,8.18713193327174,tecnica,1
20,2591.9868809162026,4,regular,2844.2517940625494,personal,48,1,1,20.305364949953507,universitaria,0
18,2784.100051765303,3,bueno,5083.445422431396,hipotecario,60,1,1,31.792593346101263,secundaria,1
22,2216.989027374154,1,regular,10125.055318665032,hipotecario,36,1,1,40.026827664085914,secundaria,1
43,2644.5653919391107,3,bueno,7425.6419700637325,automotriz,36,0,0,22.85399376721687,tecnica,1
72,3301.8403944358815,1,bueno,3993.1288816776005,hipotecario,36,0,0,21.399937426364346,secundaria,0
31,3605.5908933162814,2,malo,3793.5842077647567,hipotecario,60,1,0,14.565268927464569,universitaria,0
56,2262.2677406578996,0,regular,3726.9485536487955,personal,48,0,0,16.234333785089888,universitaria,0
44,3695.684736084528,0,bueno,6732.639900524115,personal,48,0,1,26.29175091050703,universitaria,0
26,4084.5102870439605,3,regular,8215.281842232434,hipotecario,12,0,0,16.851246679369204,universitaria,1
32,3330.7479225789607,0,regular,6164.334088960116,personal,60,1,0,18.37717552832586,universitaria,0
32,4501.436650046453,3,malo,5314.3246997376355,hipotecario,12,1,0,19.746527252495756,tecnica,0
43,2380.9686407171416,3,regular,4111.689284734457,personal,60,1,1,14.09171889092524,universitaria,0
59,2004.2762373508663,3,malo,5658.746291167054,personal,12,1,0,19.250207409224487,secundaria,0
30,1577.023800876577,0,bueno,3359.7565598075807,personal,24,1,1,-0.19406128790801702,secundaria,0
68,4196.835449191347,3,regular,1128.468905577523,personal,36,0,1,25.488358830184623,secundaria,1
49,3523.492525083246,0,bueno,8273.651380224897,hipotecario,36,1,1,43.51771838972055,secundaria,0
56,2955.532263271636,3,regular,2988.3746592757816,automotriz,48,0,0,14.479563848369335,tecnica,0
66,3223.974901055856,4,bueno,4350.335252661362,personal,24,1,1,23.738371450016697,secundaria,0
69,2099.6087621612987,3,regular,6312.714901258581,hipotecario,36,0,0,28.515763202461848,tecnica,0
49,4956.601583693461,1,regular,7868.933738692107,hipotecario,48,1,0,32.802152727174615,secundaria,0
21,3103.376945580182,3,regular,5514.261304837242,personal,24,1,0,17.356785112598207,tecnica,0
47,3087.5158356839142,2,regular,2612.5780246783434,automotriz,36,1,1,1.966827463112807,tecnica,1
54,3580.6132991189534,3,regular,4397.3071006168975,personal,12,1,1,22.67231950848763,tecnica,1
40,3384.8073853893707,1,regular,3643.0291899498416,hipotecario,60,1,0,21.28628690654427,secundaria,1
56,3179.107219423305,1,regular,4923.577945057358,automotriz,24,1,1,16.54333625323997,tecnica,0
62,2367.6204356437506,0,regular,7463.968942539272,hipotecario,48,0,1,18.664878771156594,universitaria,1
32,3377.1746857087965,4,regular,-74.77719213976798,personal,24,1,1,21.436804450177313,universitaria,1
60,4505.619597180027,3,bueno,4177.220339945018,automotriz,48,0,0,23.617619921038504,secundaria,1
46,4076.336036923982,0,malo,4031.9007272259632,hipotecario,24,1,1,23.198097102399178,universitaria,0
53,4274.549301311517,4,regular,2486.4773102087206,hipotecario,48,0,1,17.823143404988713,universitaria,1
30,2591.027458855052,3,malo,6170.981487499233,hipotecario,36,0,0,23.84278834985951,universitaria,1
49,2208.3161437931353,2,regular,2170.0482562479037,personal,12,0,1,17.14969151725138,secundaria,1
24,2899.3704639202815,3,regular,2400.2114414073503,automotriz,36,0,0,26.4202550153532,secundaria,0
68,3044.5799298309557,1,bueno,6702.138428041228,personal,12,0,1,13.725571645234991,universitaria,1
39,3875.3532147767587,1,bueno,8001.142737925336,personal,36,0,1,20.730581921495624,secundaria,1
45,1646.0282962281444,2,malo,4847.806462776081,personal,36,1,1,3.762614178827704,tecnica,0
19,4223.640255568491,0,bueno,2565.207762021468,automotriz,24,0,1,16.300895305428526,universitaria,0
59,2873.5936811368083,4,bueno,3588.8918164435,personal,60,1,1,25.674887211299787,secundaria,1
62,2658.495144042064,3,malo,7016.00389449009,personal,48,1,1,9.662651332919314,secundaria,0
74,2190.316499791866,1,bueno,5232.876481326787,personal,48,0,0,16.798995236499163,universitaria,0
70,1676.1146625073845,0,regular,4797.922446236154,personal,48,0,1,-4.050695499102094,secundaria,0
23,3658.5364671695315,2,malo,5626.099419826292,hipotecario,12,1,1,6.319258914680109,universitaria,1
45,3058.654373750723,1,malo,4924.680112949119,personal,48,0,1,8.935254438860982,secundaria,0
45,1968.031280207157,2,regular,8091.4245953184345,hipotecario,48,0,0,21.017510507716388,tecnica,0
61,1963.9369823491072,3,bueno,3501.713470612798,personal,24,0,0,23.334090123927126,universitaria,0
61,2731.3722405678973,4,malo,3272.081766329573,automotriz,36,0,0,19.43944434059803,tecnica,1
37,4335.217220231514,1,malo,2233.092963862688,hipotecario,48,0,1,16.174066171126217,universitaria,0
47,2792.326918909116,1,regular,3920.0247285486194,hipotecario,60,0,1,16.208982516512528,secundaria,1
28,1797.4856375055151,3,regular,2816.049050667691,hipotecario,48,0,0,27.160457490404944,tecnica,1
72,2803.4055487312444,0,bueno,5436.151017305448,hipotecario,12,1,0,22.12819846883053,secundaria,0
45,2781.8211442018637,4,malo,5041.894731050287,automotriz,12,0,0,16.660544036946376,universitaria,0
42,842.4906856467428,1,bueno,2841.848999864047,personal,12,1,1,32.932994952412585,universitaria,0
56,2956.56410678575,4,bueno,6178.278718055945,hipotecario,48,1,0,39.49975040996101,universitaria,0
50,2815.2523758330576,1,regular,8033.625734259747,automotriz,24,1,1,7.542575497663297,universitaria,0
18,3556.9650918507346,4,malo,5715.676697342047,hipotecario,60,1,1,25.225100702105117,universitaria,1
74,4479.164875956276,2,malo,-86.99636591094713,personal,48,0,1,50.89889607686385,tecnica,1
44,3901.252023638206,1,malo,8974.26194134021,hipotecario,24,1,0,22.802055410501943,universitaria,0
74,2784.8890475561357,4,regular,6493.846938142119,automotriz,24,1,1,21.154426361642766,secundaria,0
69,2114.779273006664,0,regular,8912.836506376902,personal,48,1,0,19.442660601063864,tecnica,0
30,5058.687842599888,2,regular,7181.447172299668,automotriz,48,1,0,24.901815174907412,secundaria,0
58,3047.3747472115906,2,regular,7581.030837741118,personal,24,1,0,27.54899166549883,universitaria,0
20,3011.143433530357,0,regular,5410.533787202169,personal,24,0,0,7.552331258308174,secundaria,1
56,2980.6999303119974,4,malo,4475.407975620335,personal,24,0,1,19.735163717111714,tecnica,1
23,3158.467808614284,3,bueno,5746.962375464321,hipotecario,48,1,1,-2.6949786449740962,tecnica,0
25,2884.511670460846,0,malo,3582.4298395069213,automotriz,24,0,1,17.906833833785,tecnica,1
44,2541.070394495811,4,bueno,5867.761701800465,automotriz,12,0,1,10.973114061779272,secundaria,0
26,2562.512847007686,0,regular,-253.5725147014209,automotriz,48,1,0,23.391775791354842,tecnica,1
54,2973.7973838272014,0,bueno,5085.864490428826,personal,12,1,0,3.4361947285897436,secundaria,0
50,2565.260183092988,1,malo,7689.352240204265,hipotecario,36,1,0,14.876826895409053,universitaria,0
68,2429.7233738582686,4,malo,5188.6171578579315,personal,48,0,0,29.665442505206123,universitaria,1
59,3085.1441821535172,3,bueno,8454.965476061976,automotriz,36,1,1,13.236668485557498,secundaria,0
61,2796.018226063316,1,regular,4472.509224302789,hipotecario,24,0,0,0.9506422258211416,tecnica,1
41,4203.194390866151,0,regular,7005.301825975655,hipotecario,24,0,1,22.575331531289844,secundaria,0
32,879.2241532855905,0,malo,3243.459852653268,hipotecario,60,0,0,14.13471006907364,secundaria,0
71,3873.2054815379693,0,bueno,6923.913239110757,automotriz,24,1,0,18.141145639271034,secundaria,0
49,3996.8681539981035,4,regular,5465.189816455633,hipotecario,36,0,0,12.701304135374077,universitaria,0
49,1341.2878140734804,4,regular,4560.499008314542,hipotecario,24,1,0,39.74396744480029,secundaria,0
41,2725.849924735721,1,malo,-147.7642301288397,personal,48,1,1,4.419272641464866,universitaria,0
58,2702.8473072033667,3,regular,4491.2464483889,personal,24,1,1,48.33495611894273,secundaria,0
69,1873.990644225743,1,bueno,5426.906038559621,hipotecario,60,1,1,16.093634692486482,universitaria,0
66,2377.7466499272996,2,malo,6657.418870439835,hipotecario,24,1,1,21.834465762181352,secundaria,1
66,2111.539323627337,0,malo,8121.899598198135,personal,36,0,0,14.252035823955163,secundaria,0
69,4401.816354738898,0,bueno,9070.065402731821,personal,36,0,0,13.833664401445459,tecnica,1
29,3748.5427145179688,0,malo,7492.534686245968,personal,24,0,1,12.151700965673669,tecnica,0
56,4017.244075995327,1,regular,3875.8193493916115,automotriz,36,0,1,26.012579620436355,secundaria,0
19,3577.337651234588,1,regular,4390.391820964522,automotriz,36,0,0,5.8920030637294385,secundaria,0
20,2096.758583026217,0,bueno,6477.830942087367,personal,60,1,0,23.64108544242669,secundaria,0
66,2580.383786976181,1,regular,6039.2289196956035,hipotecario,48,1,1,-1.8449273505180876,secundaria,0
54,3391.4996489823343,4,bueno,8256.691918782722,personal,60,0,1,22.735287711417637,tecnica,0
66,2022.2977528864437,4,bueno,9958.778837419823,automotriz,12,0,1,28.49142605932191,universitaria,0
73,3570.3987441379104,1,regular,9534.360390196445,hipotecario,60,0,0,7.254808926926305,secundaria,0
34,2807.739681473492,0,bueno,7987.876399596689,automotriz,24,1,1,26.78742601718744,tecnica,1
66,2700.143353960322,1,regular,6055.805297885794,hipotecario,48,1,1,20.513854106243215,secundaria,0
19,3568.767974562793,1,malo,7698.650125891689,automotriz,24,1,1,35.9842645535784,secundaria,0
19,3355.410649188832,1,malo,8322.882027456792,hipotecario,12,0,1,11.447936176889101,universitaria,0
45,2711.227067344736,2,bueno,4705.399205489963,hipotecario,48,0,1,48.1598590372273,secundaria,1
71,3927.4638426913984,4,regular,3934.6780549824816,hipotecario,36,0,0,-3.907821543252375,secundaria,0
40,2135.149337920082,3,regular,3465.1579998566503,hipotecario,60,0,1,16.704961993638744,universitaria,0
54,3492.748485555411,3,malo,3247.230533109393,automotriz,24,1,0,3.014302893770669,universitaria,0
49,3474.4810063747072,2,malo,2236.0093548136188,automotriz,12,0,1,38.51054176849766,universitaria,0
50,2752.362848548808,1,regular,5499.803418235455,hipotecario,36,0,1,17.382990061841635,universitaria,0
18,3260.9064177936943,2,bueno,3000.4943978237366,hipotecario,60,0,1,18.283149226307174,tecnica,1
36,1999.1091388917575,2,malo,3432.9556317292354,automotriz,36,1,0,24.43238098085213,tecnica,0
19,3739.221615365521,0,bueno,6402.511118353455,hipotecario,60,1,0,19.951948136727125,tecnica,0
70,2852.0782908456085,4,bueno,5363.21813250702,hipotecario,48,0,0,14.062384435986653,secundaria,0
61,2581.8215835847686,3,malo,5859.249881267349,hipotecario,36,1,1,7.4335274937095175,universitaria,0
43,3839.2073806695116,1,bueno,7730.297523784163,personal,36,1,1,21.685134023334292,universitaria,0
49,2436.5250475657926,3,bueno,6729.05981708159,hipotecario,36,1,0,23.788336326894783,tecnica,0
23,1873.2309629091524,3,regular,8037.773162905326,personal,48,1,0,26.95377236401729,secundaria,0
49,1754.696661180877,4,bueno,5159.952989556141,hipotecario,12,1,1,39.127268503065224,secundaria,0
72,3484.8079610765117,3,regular,8223.581182624792,automotriz,60,0,0,-1.7376890441399198,secundaria,0
21,1975.6565180029736,3,malo,5719.47352871492,personal,36,0,1,19.322828026472955,tecnica,1
72,4403.835345587491,2,malo,5337.412522190406,personal,48,0,0,31.91737835821428,secundaria,0
28,1334.4564736930224,4,regular,7923.052412553006,hipotecario,12,1,0,18.754775755611355,secundaria,0
73,4357.165094632031,0,malo,3255.69264161341,hipotecario,60,1,0,-3.381724536932701,secundaria,0
34,3168.8139737620945,1,bueno,9047.20113508495,personal,48,1,1,7.089604251500791,universitaria,0
55,2922.629510503686,3,bueno,4435.799959925428,automotriz,60,1,1,23.285698496773193,tecnica,0
41,2564.06473055284,1,bueno,2563.7840569013565,automotriz,36,0,0,22.921972948833407,universitaria,0
22,3319.3088914816567,0,malo,6307.003904111724,hipotecario,12,0,1,26.725196983410207,universitaria,1
69,2969.892238060121,1,bueno,4245.356979763479,automotriz,48,0,1,12.189910564518158,tecnica,1
51,3882.6415056132173,0,malo,9051.614183822501,automotriz,12,0,1,22.59883234919298,universitaria,0
23,3091.382118929632,2,bueno,4134.198362429705,hipotecario,36,0,1,10.541366921036753,secundaria,1
39,3120.2414091695023,3,regular,5628.897834703924,automotriz,12,0,0,22.59957993643691,secundaria,1
28,2709.1102302289155,0,malo,2148.813369043794,hipotecario,12,1,1,20.532121971035398,secundaria,0
65,2954.443501023146,1,malo,6625.8284897949425,personal,24,1,1,11.791399798370957,secundaria,1
33,3246.2414151136472,3,bueno,3445.2198482821905,hipotecario,12,0,0,35.58183630762687,tecnica,0
50,1631.8652858746996,2,malo,6386.6493806652015,personal,60,1,1,2.94364049837613,universitaria,0
26,1921.4516623154295,3,malo,4143.309520588276,personal,48,0,1,18.583790169894726,universitaria,0
23,3594.611275218172,0,regular,906.1306265544004,automotriz,24,0,1,11.570944356756899,secundaria,0
33,3136.6923505023533,2,regular,5262.380180687767,automotriz,48,1,0,38.34202035856274,secundaria,0
46,2852.8133309178565,1,bueno,5172.85703415687,automotriz,48,0,0,25.98398007620419,universitaria,0
20,3014.7471464523146,2,regular,6762.143147245227,hipotecario,36,0,1,13.506896246296105,tecnica,1
37,3278.0653642893367,2,bueno,8112.001143678408,automotriz,36,0,1,17.202847106796273,universitaria,1
53,2568.192255752511,4,bueno,8824.818819833597,personal,24,1,0,38.612573739805285,secundaria,1
36,2377.35621967815,2,bueno,6728.308426941772,automotriz,36,1,0,10.537243682699696,secundaria,1
43,3156.676204078145,2,malo,5557.238384131837,automotriz,36,1,0,2.355518277694415,tecnica,1
20,2217.3017779079746,3,regular,2145.3328209690694,hipotecario,36,1,1,22.910068624638143,universitaria,0
36,3326.6022045715777,1,bueno,5404.041873980014,hipotecario,48,0,1,23.136403674078203,tecnica,0
37,1637.9331166097277,3,regular,5429.8803398778655,personal,24,1,0,26.6603457338986,tecnica,0
49,3823.324509860515,3,bueno,4602.719480687944,hipotecario,48,1,1,26.726257608719525,secundaria,1
24,3378.0779859304344,0,regular,6265.935301201617,automotriz,60,1,1,37.707056507337995,universitaria,0
69,3204.8237874511005,3,regular,7243.811421964268,hipotecario,48,0,1,2.818625096239643,secundaria,1
58,3786.1527871564113,4,bueno,3363.1921389426325,personal,60,1,1,7.97196805354667,universitaria,0
50,4332.379555570062,4,malo,3332.0312916010657,automotriz,12,1,1,26.622033339461872,secundaria,0
57,3811.496052014504,0,regular,4721.415976446742,personal,12,0,1,8.943744982855597,secundaria,1
56,1527.3006149346838,1,malo,3769.5416185841536,hipotecario,60,0,1,5.434120267406364,universitaria,0
35,1976.3384266114388,1,malo,1717.4935952802743,hipotecario,60,0,0,38.6584455228527,universitaria,0
57,2500.1451378434567,3,bueno,3006.8145273540968,personal,48,0,0,3.800578683357127,secundaria,0
18,3020.872840168667,3,bueno,2535.357705925119,automotriz,60,1,0,16.487279628893546,universitaria,0
28,3414.1272163752983,3,bueno,7416.901016036307,hipotecario,24,0,0,19.406325487685955,secundaria,1
45,2419.4049494772275,1,regular,8405.654012018556,hipotecario,12,1,0,33.09136641963278,universitaria,0
74,3149.413411581663,2,bueno,2809.1330854108264,automotriz,12,1,0,1.3119694171752947,secundaria,0
42,2395.693654117342,4,bueno,6092.147026274222,hipotecario,60,1,0,24.15475151506249,secundaria,0
67,2510.7857576064416,2,regular,6747.0328489395015,personal,36,1,0,11.096229417399222,secundaria,1
40,1874.6711225214221,2,regular,2015.4624266802725,hipotecario,36,1,0,26.276112125924506,tecnica,0
48,2261.4134031112767,1,bueno,5321.957894357999,hipotecario,60,0,1,10.931922739731409,universitaria,0
47,1918.652315506933,2,bueno,10067.032330693051,automotriz,24,1,1,35.72306256185777,secundaria,1
59,2219.3013976181337,0,bueno,6354.293732715261,personal,36,1,0,10.99029981573745,tecnica,0
52,3842.913437286272,3,bueno,4509.398917334939,automotriz,60,1,1,-4.619797058899167,secundaria,1
24,2240.480888934446,0,malo,3879.626949563582,hipotecario,24,0,1,12.111507502586988,tecnica,0
33,5105.905651869913,4,malo,955.0768305582105,hipotecario,24,1,0,17.38699889431105,secundaria,0
43,3394.6543207047116,3,bueno,5940.947312233464,automotriz,48,1,0,30.82353873162309,secundaria,0
65,3147.868898955899,2,malo,8895.63357450863,automotriz,24,0,0,7.415851694350792,tecnica,1
74,2313.3137758550292,4,regular,3372.912491204159,automotriz,36,1,1,7.613538728859243,tecnica,1
69,3560.247903527193,3,malo,1128.8306409658776,personal,36,1,1,29.605779037089842,universitaria,0
66,2539.489739009781,2,malo,3671.5516372935513,hipotecario,60,0,0,6.247748820377941,universitaria,0
19,3097.607851716289,0,bueno,6763.199491956417,automotriz,60,1,1,18.210165586083093,tecnica,1
18,5048.067630615036,3,malo,4142.999990355829,hipotecario,24,1,1,18.41348816530988,universitaria,0
65,2923.15208022028,2,malo,3359.0638141738236,personal,12,1,1,22.17579536342962,tecnica,1
29,3919.4186610285406,0,malo,5038.309830115718,personal,48,1,0,12.501517896173997,universitaria,0
22,2437.45885989929,4,malo,5459.401494335711,personal,12,1,1,10.73005613325437,secundaria,1
54,2972.0092076024307,4,regular,2223.2197184566107,personal,24,0,1,23.348944417522922,universitaria,0
49,4416.640508508408,4,bueno,4565.432606126353,hipotecario,24,0,1,11.040041468302142,secundaria,0
72,2498.426353769786,4,bueno,4005.4647721553233,personal,12,0,1,6.400308098808253,secundaria,0
26,4449.958846397543,1,regular,3718.1913015038344,personal,48,1,1,32.27799987851685,universitaria,1
58,3566.2015483643804,3,malo,2965.926661217104,automotriz,12,1,1,24.880953813791823,tecnica,0
52,2550.0265792845858,3,regular,6882.515709589596,personal,60,1,1,37.6750239576534,secundaria,0
36,3505.9261912444167,1,malo,3711.2261424039443,automotriz,36,0,0,27.839676512169458,secundaria,0
65,3778.043559701384,2,regular,1010.1094283734296,personal,60,1,0,7.318563483685017,universitaria,0
33,3497.447969773757,2,bueno,5528.595643950867,personal,36,1,1,20.963692400599957,tecnica,1
20,1743.8202240876349,4,bueno,6450.398945346369,automotriz,24,1,0,9.84371745281754,tecnica,1
37,2418.290259340105,0,bueno,3407.967869568245,personal,48,0,1,3.4839040328171613,universitaria,0
41,2801.9850915587963,2,malo,3880.6746204320675,hipotecario,12,0,1,15.528006069300165,tecnica,1
71,2940.453256719963,0,malo,3701.892559143255,hipotecario,48,1,1,29.815328752991213,universitaria,1
73,3496.5376780405422,3,regular,4306.693277139779,personal,12,1,0,22.749127107875072,universitaria,1
50,3142.160800746603,0,regular,7213.700364379643,hipotecario,60,1,1,6.091058687412289,universitaria,0
41,1931.724513031919,3,bueno,4771.881655255287,automotriz,60,0,1,15.176584247872633,secundaria,1
69,3304.1582808047706,1,malo,6679.187091334411,personal,12,0,0,18.571334146580202,secundaria,0
28,3488.4685962270587,1,regular,3062.3367369064945,personal,48,0,0,3.10887546029155,secundaria,0
66,3447.832358344832,4,malo,4232.619160838031,automotriz,12,1,1,27.131723652486123,universitaria,1
25,3864.6245804436976,2,malo,6908.027631694613,automotriz,24,0,0,17.712649737412484,secundaria,0
53,3667.137723639123,4,bueno,3388.789203147481,automotriz,60,1,0,6.094051390679425,secundaria,0
55,3367.3440633827495,3,bueno,7024.272921817061,personal,24,1,1,5.528264062589322,secundaria,1
57,2943.8674308330824,4,malo,3743.2318180097236,automotriz,60,0,1,31.00663944921611,universitaria,1
37,1671.231253187207,0,malo,4356.674969883161,automotriz,60,1,1,16.19186967854281,universitaria,0
52,3343.6945753060686,3,malo,8340.32517469785,hipotecario,36,0,0,31.903520289564113,universitaria,1
65,3166.150149730489,1,malo,4128.362045667537,hipotecario,24,1,0,35.72155479902715,secundaria,0
42,3217.2630697562986,2,bueno,5290.69160550127,personal,24,1,0,30.224482728559245,tecnica,0
52,1978.6011393437525,3,regular,6232.872845043473,hipotecario,36,0,1,14.665682533825091,secundaria,1
42,2135.15476767339,3,bueno,5453.017299344023,hipotecario,48,1,0,-4.978471195672807,secundaria,0
46,3842.522282666323,0,regular,5510.106697779153,automotriz,24,1,0,23.129963045348283,universitaria,0
35,2968.355876914676,2,malo,4886.920512036531,automotriz,12,1,1,40.91576369778548,universitaria,0
63,3545.2005578980998,1,regular,2395.5215819673545,hipotecario,36,1,1,19.64609921826175,secundaria,0
35,3022.654700904369,3,bueno,5696.578660199517,hipotecario,24,1,1,0.10184481200852957,secundaria,0
19,3023.804911596596,3,bueno,3535.0630859766916,hipotecario,48,1,0,13.251215035698824,tecnica,1
71,3750.6270447807983,0,malo,6551.534434806354,personal,24,1,1,18.16266725233195,tecnica,1
52,2587.164217426101,4,bueno,7744.122847899371,personal,60,1,0,9.020114325802027,universitaria,0
33,3076.8966215527867,1,malo,1388.885477165969,personal,12,0,0,-5.639539679798887,tecnica,1
58,2630.1797690359663,2,bueno,7747.615654854209,hipotecario,36,0,1,19.021492297848752,tecnica,0
53,2652.4030180541477,3,bueno,4177.884416265913,hipotecario,60,1,1,12.151237536423736,universitaria,0
50,2752.6623012250884,3,malo,4738.101555631054,personal,48,1,1,37.726916608999154,tecnica,1
21,3177.70701730697,1,regular,3175.2250949752206,personal,60,0,1,21.010334879827962,secundaria,0
50,2617.001102669218,4,bueno,5376.935458132553,hipotecario,60,1,1,24.69578896898392,tecnica,0
31,4004.6049004588167,3,regular,5133.629766354811,automotriz,48,0,0,18.809138565039405,universitaria,0
38,2284.314158224397,1,bueno,7153.845650585701,personal,60,0,0,20.937333031738532,secundaria,0
65,2850.502684670913,0,bueno,3517.213446739486,hipotecario,36,0,0,3.477007116378566,tecnica,1
37,2648.21515338066,4,bueno,8321.604803875818,hipotecario,24,1,1,9.598336947787107,secundaria,0
73,4157.582307482986,2,bueno,6329.428172617779,automotriz,60,1,0,30.886147013193522,secundaria,0
25,3157.2438212092597,3,regular,5181.937953550818,hipotecario,36,1,1,22.09461969730197,tecnica,0
24,3825.4756315749078,1,regular,4638.431272209018,hipotecario,24,0,1,16.014930821174865,tecnica,0
20,1811.5517015704224,0,bueno,4386.8611057323,personal,24,0,0,24.86171241465874,universitaria,0
34,3213.640212695407,2,bueno,4517.31245118699,personal,60,0,0,25.058619098405934,universitaria,0
50,3711.7046364987496,1,regular,5336.803913870947,automotriz,36,1,1,39.908946329442074,secundaria,1
65,3065.827191420339,1,malo,4582.000078612536,automotriz,60,0,0,21.630663438855777,universitaria,1
29,3852.384300052281,2,malo,3718.9410869850253,hipotecario,48,0,1,9.374924244896992,secundaria,0
68,2586.1692399197022,0,regular,5348.918589673405,personal,24,1,0,18.843035170843322,secundaria,0
39,4127.477952148463,0,bueno,3327.423762549225,automotriz,60,0,0,26.075656271213767,universitaria,0
72,4839.1184988954,4,bueno,5644.933802003494,automotriz,24,0,0,29.956590114287025,universitaria,1
39,2709.729151648273,3,malo,4553.865929038517,automotriz,36,1,0,3.8496812787212065,universitaria,1
63,2643.5979828793825,2,malo,6393.461818463687,hipotecario,12,1,0,22.537067194918134,tecnica,0
47,4162.707581694161,2,regular,6978.148421390953,personal,60,0,1,11.027450725018836,secundaria,1
55,4263.65771658457,2,malo,6977.3611206894775,automotriz,60,1,0,14.333680753805577,secundaria,0
55,2581.7119782773852,0,regular,5636.210112105252,personal,24,0,0,28.45839624243392,secundaria,0
62,2663.850546323314,3,malo,5869.66244153369,automotriz,36,1,0,27.46248539431899,universitaria,0
68,2774.572312911594,4,malo,4354.49794776313,automotriz,48,0,1,13.21847538802441,universitaria,0
71,1924.4395911725783,1,malo,6355.279376966695,personal,36,1,1,18.421579789599168,universitaria,0
25,2265.0784428126417,1,bueno,6581.002721323446,personal,60,0,1,14.639182048791465,universitaria,0
44,2196.6873865983457,2,bueno,1865.341692950944,personal,48,1,1,48.91702989956767,universitaria,0
44,2385.7619479166974,3,bueno,5756.694391214527,hipotecario,36,1,1,22.783581664453628,tecnica,0
51,2972.252090090575,0,malo,7736.259615417734,automotriz,12,1,0,11.605184087272102,universitaria,0
38,3187.3717860292168,3,regular,4287.419410790431,hipotecario,24,1,0,33.22167146221126,secundaria,0
47,4240.400394251262,3,regular,3850.906047732241,personal,36,1,0,33.574613656832994,universitaria,0
50,2201.3167674089673,0,regular,4160.273077827362,automotriz,36,1,1,37.91670710523534,secundaria,0
45,3787.457918781267,2,regular,1990.2480143417465,hipotecario,12,1,1,40.87993682510094,universitaria,0
64,2828.8089246195927,3,bueno,5251.967908897821,automotriz,60,0,0,27.077148828661286,universitaria,0
50,2960.4290322780535,1,bueno,5059.930880194503,hipotecario,24,0,1,16.50148256221872,secundaria,0
22,3539.855593733283,0,malo,5394.053665754602,personal,36,1,1,17.973832323956806,secundaria,0
65,2101.822382750161,4,malo,5831.953242435604,hipotecario,48,1,1,17.079246983934567,secundaria,0
36,3305.9277969472405,2,regular,3404.013195637047,automotriz,36,0,0,15.962446328209735,secundaria,0
21,3133.161766570445,0,bueno,5546.398398044088,automotriz,24,0,0,32.399368072885906,tecnica,1
52,3393.9610112065193,4,regular,5886.39731983146,automotriz,36,1,1,20.00720906935976,secundaria,0
66,3231.3349151262546,4,malo,4023.216538365936,automotriz,12,0,1,29.71421864816206,universitaria,0
34,4964.240111928715,3,malo,5840.235996503946,personal,36,0,1,26.7651655478099,universitaria,0
61,2489.8080125989472,3,regular,5161.413252773483,hipotecario,36,1,1,9.013450368779164,tecnica,0
45,2575.2024359985458,3,malo,3737.62046111324,personal,48,1,0,2.828233301377164,secundaria,0
47,2501.4875788601885,0,regular,5565.577392967353,personal,12,1,1,7.633370333149349,universitaria,0
46,2555.618304671796,0,bueno,4418.578513293561,personal,12,0,0,15.732936322692112,tecnica,0
63,2490.090298154786,2,regular,6394.130548028774,automotriz,36,1,0,21.34328100267875,universitaria,1
70,3951.2132248860416,3,bueno,4521.667239861925,automotriz,48,1,0,13.516996726556155,tecnica,0
23,4136.4033983918835,4,bueno,2420.46883646988,automotriz,36,0,1,27.030651467411015,tecnica,0
52,2543.402965000419,1,malo,5533.973971055302,hipotecario,36,1,0,14.723148055830407,secundaria,0
58,2334.1155415166168,2,malo,5458.80649566287,automotriz,24,0,0,22.569574381839445,tecnica,1
54,3377.132445109123,0,malo,2837.725774404677,hipotecario,24,0,1,21.175816806618865,universitaria,1
41,2558.221564575223,2,regular,6501.072230870612,automotriz,48,0,1,37.34433091787386,universitaria,0
46,3506.3454542044087,2,regular,6396.4416722709575,automotriz,60,0,1,10.247590748997272,secundaria,1
66,3162.3384166810397,2,malo,3260.039615050183,personal,24,0,0,42.08419091154705,secundaria,0
63,1787.4047080022144,2,regular,3680.7473978801772,personal,60,0,1,14.056501472603955,tecnica,1
70,4238.004161064049,1,malo,4715.984773940946,personal,12,1,0,6.599431096391905,secundaria,1
48,4436.7021384764175,3,regular,3482.2957379247246,hipotecario,24,1,0,17.830850095734622,universitaria,0
52,2509.769047612491,4,bueno,6280.794369823356,hipotecario,24,1,1,52.40139148636808,universitaria,1
50,2689.838752051213,2,bueno,5297.94389865442,automotriz,48,0,0,28.95205235018625,secundaria,0
69,3228.692312579924,2,malo,2812.885708223528,hipotecario,60,1,0,26.029641034412617,secundaria,0
38,3267.56543198962,2,regular,3355.05817430142,automotriz,24,0,0,27.951868616415204,secundaria,0
49,3526.8354181382642,3,regular,7375.438354332802,hipotecario,24,1,0,12.304065354976927,tecnica,1
40,4608.16363101308,0,bueno,8071.1247558308305,hipotecario,48,0,1,23.260443763658593,tecnica,0
50,2858.4422180047604,0,bueno,6077.457952105017,hipotecario,48,1,0,20.025023003171228,universitaria,0
20,2361.362204369237,1,malo,4577.449489699372,personal,60,0,1,38.0906674864441,tecnica,1
35,1896.5446175883783,0,bueno,4120.074175186846,hipotecario,12,1,0,18.913122834133475,tecnica,0
42,2415.2559680464647,2,malo,6099.39883662201,personal,12,0,0,16.217234554225914,tecnica,0
59,2973.4984217009624,2,bueno,5151.841068518974,personal,36,1,1,8.352006026308775,tecnica,0
48,4435.64629081423,2,bueno,1779.8571051712465,hipotecario,24,0,0,21.40014486875615,universitaria,0
71,2585.910960771063,1,regular,7063.735965069661,automotriz,60,1,0,22.92951833518835,secundaria,0
20,3179.0303613111187,2,bueno,7691.606534725738,automotriz,24,1,0,7.984118118594823,universitaria,0
57,2986.8616831417985,0,bueno,6474.505065886396,automotriz,60,1,0,24.531636040605758,tecnica,1
63,3950.714618758467,3,malo,2816.777610743584,hipotecario,60,0,0,22.331795237948583,secundaria,1
41,5021.5459406988975,3,bueno,3726.3471005533206,automotriz,60,0,0,30.134457598837642,secundaria,0
67,2575.3049816637435,4,malo,1284.5602772845773,personal,24,0,1,32.12368117901903,secundaria,0
49,2608.448445985422,0,bueno,8192.096982791112,automotriz,48,0,1,20.942792936142794,universitaria,0
64,3835.3287016552576,2,bueno,4286.522873481944,hipotecario,24,0,1,9.636351158679044,secundaria,0
39,3545.513191701049,3,malo,9666.578643299565,automotriz,60,1,0,11.693784194553551,universitaria,0
40,4477.365860588827,0,regular,8910.460061815556,personal,36,0,0,37.62127663079091,universitaria,0
19,3467.142548260771,3,malo,3193.147167262113,hipotecario,12,1,0,21.6548939312256,tecnica,1
44,2712.566327370352,2,malo,3583.4645211939733,automotriz,60,1,1,37.46153779551057,tecnica,0
59,3472.5238645538475,3,malo,5932.38068469424,hipotecario,36,0,0,24.9860481848723,secundaria,0
19,3886.962864466326,4,regular,1490.9157922674594,hipotecario,48,1,1,27.537356371784483,secundaria,1
43,3656.3857449578913,4,bueno,4123.4817652428765,hipotecario,60,0,0,29.38723616238159,tecnica,0
34,3405.819224885838,3,malo,3923.681997586543,automotriz,36,0,0,7.7686118559057675,universitaria,0
57,3853.339751671323,0,malo,8702.331883893417,hipotecario,60,0,0,23.069507501125262,universitaria,0
50,3935.436472356538,0,regular,5322.035771008911,automotriz,24,1,1,7.630010986379375,tecnica,0
26,4105.7271928300215,0,malo,4430.466044925608,personal,36,0,0,17.150876521225353,universitaria,1
60,3518.967910071714,3,bueno,3737.0305346293976,automotriz,24,0,1,26.401696361230503,tecnica,0
71,2866.3055357465164,0,regular,6788.099194649588,personal,24,0,0,9.746661094675472,tecnica,1
65,3117.3709491466584,2,bueno,4006.578352139183,automotriz,36,1,0,25.59337324527672,secundaria,1
56,3965.207173206685,4,bueno,4899.4340512750005,hipotecario,12,0,1,5.016310145341642,secundaria,1
46,2346.451463210211,2,regular,3721.752955056071,automotriz,36,1,0,31.433198239615688,tecnica,1
59,3294.938647098321,0,malo,1964.9257359692115,hipotecario,12,1,0,13.355628178946525,secundaria,0
72,2685.3289501381114,2,bueno,3007.9297445946722,personal,60,0,0,9.728825757812164,tecnica,0
43,3022.995858347854,0,bueno,3996.056585270613,automotriz,60,1,0,5.646440840089193,universitaria,0
52,4022.761490085839,3,bueno,4473.490339472742,hipotecario,36,1,1,14.206461671623412,universitaria,0
67,3152.879254415923,2,bueno,4561.152148152985,personal,60,0,1,0.9238819304320032,universitaria,1
42,3037.149238524919,3,regular,4822.160598962476,personal,48,0,0,14.516008608916703,universitaria,0
41,1912.1150872160647,3,regular,4022.6247396979816,automotriz,24,0,0,30.994870253330813,tecnica,1
30,3597.0028528217763,1,bueno,7698.252696336813,personal,24,1,1,18.11288400260166,universitaria,1
24,3516.3873449128605,0,malo,6895.968239713964,hipotecario,12,0,0,8.224813840933592,universitaria,1
74,4730.6037786443685,4,bueno,4729.781465618324,personal,60,1,1,22.262633165688083,universitaria,1
53,2753.7774120375993,0,malo,5508.516559481993,personal,12,1,0,21.378957758749067,universitaria,0
62,3175.320262131151,4,bueno,4255.82351709409,hipotecario,24,1,1,39.56609962585716,tecnica,0
37,3199.506946968604,0,malo,-686.9705841035511,personal,24,1,1,27.90721018540406,universitaria,0
18,4261.962623810779,3,bueno,5040.986025852049,personal,60,1,1,23.05598127172845,secundaria,0
25,2923.7635740904384,2,malo,5611.228722502432,personal,48,0,1,29.050665483595473,secundaria,0
63,3223.2172206162713,2,bueno,1774.6764839195453,personal,48,0,0,18.656189318199374,secundaria,1
33,3486.3172077732315,1,bueno,5998.822138389205,hipotecario,60,1,0,19.245868190938005,secundaria,1
31,3149.2872985250865,4,malo,4438.846644110382,personal,60,1,1,36.58940303431565,secundaria,0
29,2642.853108359577,4,regular,5675.867441269324,hipotecario,12,0,1,3.6442097318375204,secundaria,0
68,3155.271994318646,4,malo,4499.202705259829,personal,60,0,1,29.679455131409394,tecnica,0
40,3858.9053998878176,3,regular,7501.908948453698,personal,48,1,1,18.892085243122242,secundaria,0
32,2178.787760471152,4,bueno,5452.457641168174,personal,60,1,0,17.085105787466482,universitaria,0
45,3106.375739317501,2,malo,7004.832917344014,personal,12,0,1,14.471040663062873,secundaria,0
51,2439.9033480486614,3,malo,7169.45228434989,hipotecario,12,0,1,21.53674020564188,tecnica,0
19,3956.037303139874,0,malo,2760.8885478231787,hipotecario,12,1,1,19.564705334953338,secundaria,0
49,1781.4504761729802,4,regular,3521.966259957704,hipotecario,12,0,1,15.852976132730328,universitaria,0
40,2552.862522182729,4,regular,5903.221365452512,automotriz,36,0,1,12.97342254883349,universitaria,0
39,3301.769500051617,0,bueno,4268.925432483656,personal,60,1,1,0.946695475490646,tecnica,0
68,4252.419223387473,4,regular,4522.786461487409,personal,24,1,1,12.761962556483297,tecnica,0
42,2947.39979114161,0,regular,7573.129644341219,hipotecario,60,1,0,14.877048537390282,tecnica,0
39,2555.8403786454414,3,bueno,4379.26724361586,automotriz,36,0,1,21.51231072166842,tecnica,1
39,4504.925655552472,2,malo,3062.1413035028354,personal,12,1,1,39.630858846815045,secundaria,0
66,1841.588879667005,0,malo,3332.399996728811,hipotecario,36,0,1,13.840438064865811,secundaria,0
69,1240.9552347039344,1,bueno,9364.713002385402,personal,48,1,0,9.762691462528299,universitaria,1
59,3352.011560042666,0,malo,4643.561039229526,personal,48,1,0,12.855039086969022,tecnica,0
23,2598.3566205179113,4,regular,2271.504489564179,hipotecario,60,0,0,21.533447676021147,tecnica,1
32,2183.0137462954294,3,bueno,1461.082809366811,hipotecario,60,0,1,25.886354597962725,secundaria,0
71,3566.6851578394826,3,bueno,3750.726714651773,personal,24,1,1,27.28345213069543,tecnica,0
60,3195.040571016959,0,bueno,4606.955761145233,personal,24,1,1,28.277079982342663,universitaria,0
54,2548.7370954106173,2,malo,6898.347412855345,hipotecario,48,0,0,29.692305876119747,universitaria,0
50,1975.7564810632846,1,bueno,6704.690332923534,personal,12,1,1,17.211163625268302,tecnica,0
25,3697.9658626241157,3,bueno,4987.3071578543295,personal,36,0,0,40.531401837412076,universitaria,0
70,3520.160942366929,4,bueno,4091.662827680822,hipotecario,24,0,0,16.45231478841236,universitaria,0
61,2920.659308976494,4,malo,5679.20370684338,personal,24,1,0,21.09340576340909,secundaria,0
61,4477.309596838133,2,regular,1502.507847727224,personal,12,0,0,32.95827071772692,universitaria,0
22,2143.932186939078,3,bueno,8962.161787858435,automotriz,12,0,0,25.664250279877656,tecnica,0
56,1779.5798632602089,0,regular,6308.211191713222,hipotecario,60,0,1,-2.4084674402273833,tecnica,0
21,2446.4735440950044,4,malo,6733.980439456544,automotriz,36,1,1,20.056358302968526,universitaria,0
23,2963.5311869156017,2,malo,2851.6932362467787,automotriz,12,0,0,28.619647560864863,tecnica,0
62,3194.6715594581533,3,malo,7565.297282593192,automotriz,24,1,1,6.565297204704418,secundaria,1
49,2807.011153714936,3,malo,4079.96567794741,personal,24,1,1,27.506927951289867,universitaria,0
69,3281.6443172114373,3,regular,3094.8837543628733,personal,48,1,0,23.90153940013453,universitaria,0
47,1998.7684606476446,3,bueno,4921.655258787561,automotriz,12,0,0,31.83920483851373,universitaria,0
64,4155.011683258607,3,malo,4874.889828023252,automotriz,60,0,1,13.08068677661359,tecnica,0
52,2934.279057285945,4,malo,2842.9258549760066,automotriz,36,1,1,29.95893415589245,tecnica,1
72,3893.836665270502,2,regular,3210.1252929172697,personal,60,1,1,21.596082474008316,universitaria,0
57,3274.1802771021635,3,regular,3053.5364493438997,automotriz,24,0,1,37.660503040522876,tecnica,0
69,3365.402575323027,1,malo,3072.569864286351,automotriz,60,1,0,47.86049937813325,tecnica,0
33,3455.813824185763,1,bueno,4223.804185800799,hipotecario,24,1,1,35.383304390525524,universitaria,1
30,3358.166848013852,2,bueno,2222.029727655084,hipotecario,24,0,0,24.805186781082245,universitaria,0
67,3514.178207894035,0,malo,3617.2510051721283,personal,24,1,0,43.21003996061805,tecnica,1
59,4063.3220241059453,0,regular,7090.269096768538,hipotecario,24,0,1,26.034780416679837,universitaria,1
47,3157.216935761176,0,malo,6646.618904208368,hipotecario,24,0,1,10.920542864773836,universitaria,0
36,3567.20300607081,1,malo,2900.2415182144905,hipotecario,48,1,1,19.607266930484247,universitaria,1
34,2928.2114445702186,0,regular,6916.409834588467,personal,60,0,0,27.616721862950016,universitaria,0
73,4152.093772359578,4,malo,1067.121461727902,hipotecario,48,0,0,28.259541556200638,tecnica,1
36,2458.886158352584,3,malo,9858.288644024306,personal,48,0,0,8.747351101923403,universitaria,0
45,4440.7523463286525,1,malo,7600.626384271185,automotriz,12,1,0,9.064677135403274,secundaria,0
72,2967.8736394845255,2,regular,3880.536175719786,hipotecario,12,1,1,16.586901537901518,universitaria,0
43,1855.3799183055614,2,bueno,5764.85312347022,personal,12,1,0,25.345436134561904,secundaria,1
54,3102.4835319286312,3,bueno,2198.161343781742,hipotecario,36,0,0,26.625625498799195,universitaria,0
43,2455.1586740200955,1,regular,5120.885579851627,automotriz,12,0,1,21.413051241048105,secundaria,0
70,3672.5148391909793,0,bueno,4632.673934995067,personal,60,1,0,11.655712664823524,secundaria,0
40,2477.900816558087,0,malo,3330.473221215209,personal,48,1,0,37.36942943019302,universitaria,0
26,2643.053253428176,4,bueno,4062.885027348282,personal,60,0,1,9.279419381569603,universitaria,0
29,1488.3674152435751,4,malo,3866.025048381146,automotriz,12,1,0,33.02340744853761,universitaria,0
70,2638.1549446007384,0,bueno,2736.5265613647293,automotriz,36,1,0,27.388232834503654,secundaria,0
18,1060.8965386968346,2,regular,3283.7055082066736,automotriz,36,1,0,32.80332303871728,tecnica,0
18,1732.8777412114214,2,bueno,2116.311148000575,personal,48,1,0,15.55566707077083,tecnica,0
64,3608.331724915438,4,bueno,6714.661531121235,automotriz,60,1,1,18.573458019107957,universitaria,0
51,3628.640126920666,3,bueno,3135.774507087462,hipotecario,24,0,0,20.550425572810433,tecnica,0
49,3340.366049427972,0,regular,2555.9582568596916,automotriz,60,1,1,15.236022393984848,tecnica,1
71,2226.4190854966296,4,bueno,6683.009359631994,personal,12,1,0,22.252584534950984,universitaria,0
65,2961.830915086416,4,regular,5739.240708678661,hipotecario,24,0,1,35.790894560712076,secundaria,1
42,2997.1179687275453,0,malo,6609.002111897918,automotriz,36,0,1,7.031661528320271,universitaria,1
57,2073.3082486459657,0,bueno,6832.166448393309,hipotecario,48,0,1,13.4278829178891,tecnica,0
62,4202.71864141372,2,regular,8874.909793876848,hipotecario,48,0,0,12.342546812937437,secundaria,0
70,3701.889832460537,3,regular,4687.920466613631,personal,36,1,0,19.055817378639524,tecnica,1
18,2823.228660936269,3,bueno,2084.784642008985,hipotecario,12,1,0,18.64473731021129,secundaria,0
33,3021.5086711956246,0,malo,5542.0756015242505,hipotecario,36,1,1,27.723145844407057,tecnica,0
56,3166.706246358042,1,regular,3661.9907542403653,personal,12,1,0,20.33723102921375,universitaria,0
22,1366.6121052605674,4,bueno,3084.9894333689185,personal,24,0,0,23.028832767193023,tecnica,0
39,2802.2580939835225,4,malo,5199.8503444344815,personal,36,0,0,23.984480455120007,tecnica,1
46,2454.4126016017613,0,regular,6731.50546601918,hipotecario,12,1,0,22.454040612058115,secundaria,0
72,2198.7039920840675,1,regular,3328.0103168074334,hipotecario,24,1,1,27.033130614575917,tecnica,0
20,2775.119765691236,2,malo,7548.776174663437,hipotecario,36,1,1,18.77676617867255,universitaria,0
29,4438.149221479618,0,malo,3020.772081994368,personal,48,1,0,36.463683960749975,universitaria,0
43,3512.674289013608,0,bueno,4512.193557349074,automotriz,36,0,0,45.416198467187925,universitaria,0
33,2543.0568081737624,4,bueno,5772.615763561736,hipotecario,60,1,0,27.062309747670696,secundaria,0
68,3458.066225084927,0,regular,4224.201582631884,automotriz,36,0,1,22.27991163709061,secundaria,1
54,4119.484349268801,0,malo,1447.9953221229262,personal,60,0,0,26.24582309317244,tecnica,0
39,3739.706946330215,0,malo,6854.81498357761,hipotecario,24,0,1,8.989669141163558,tecnica,1
74,3047.7042959361393,4,malo,3753.0713192879457,automotriz,36,0,1,21.80105467465415,tecnica,0
46,2482.450577835541,2,regular,6489.7968987873855,hipotecario,24,1,0,12.686753930513914,secundaria,0
31,3558.578650890872,2,malo,2471.711729944676,hipotecario,24,1,0,25.0997691724033,secundaria,0
45,3314.7883083373995,0,malo,2813.1268358071766,hipotecario,12,1,0,12.736406920228527,tecnica,0
22,3716.1545760221857,4,regular,6724.8668191107145,automotriz,24,1,1,16.552225546411037,secundaria,0
64,3508.1374413455756,2,bueno,5681.016185484047,personal,24,0,1,1.280290944769476,secundaria,0
66,3839.6421722554683,2,bueno,4122.828578630647,hipotecario,36,0,0,8.26754310052332,universitaria,1
47,2571.8118307515456,2,regular,5710.063196341675,personal,36,0,1,23.548738029360464,universitaria,1
63,4053.9152525074605,4,malo,3091.921728911284,personal,48,1,0,11.311539216815696,tecnica,0
69,3158.0796837539197,4,regular,5220.518234977819,automotriz,12,0,0,30.63773983785577,tecnica,0
22,4660.208698100212,0,bueno,5257.107846780131,automotriz,24,0,1,10.461109115866877,universitaria,0
29,2448.6497455283456,3,bueno,4252.436789617943,personal,12,0,1,24.53254501285771,secundaria,0
33,4388.771042532199,2,regular,3329.428588818483,hipotecario,60,0,1,12.381243710282416,tecnica,0
43,3158.3286267701183,3,regular,5140.497156429587,automotriz,24,1,1,23.85469775033526,tecnica,0
43,2478.8655971084413,4,bueno,4890.037713398204,hipotecario,12,0,0,4.652126709048606,tecnica,1
65,2612.891332756543,4,regular,4068.355842160782,hipotecario,48,0,0,15.468170243704417,secundaria,1
38,2743.722153444544,4,bueno,2932.3710596385,hipotecario,48,1,0,11.537867147122649,universitaria,0
56,3339.332757121533,3,regular,5024.954098670935,personal,24,1,1,28.8323257530898,tecnica,0
53,3418.2683904283995,4,regular,4073.3552703267883,hipotecario,60,1,0,24.622624644542043,universitaria,0
50,2541.039996849137,0,regular,2930.6847591261335,personal,48,0,1,7.674239453845178,universitaria,1
47,2980.516326191214,4,bueno,5087.059621516222,personal,48,0,1,17.968192633791194,secundaria,0
54,4713.816286889491,1,regular,8216.610944110773,hipotecario,60,0,1,12.276821572771654,secundaria,0
40,4382.0345360805695,3,bueno,4266.344668185844,hipotecario,12,0,0,29.502571938685428,secundaria,1
27,3349.0589357392255,1,bueno,7995.553082484046,hipotecario,48,1,1,32.71524147653939,secundaria,0
71,3030.40278253456,4,regular,9228.66342946019,hipotecario,36,0,1,5.583548534891866,secundaria,0
22,3096.025061374609,0,regular,3093.1621952446494,personal,48,0,1,28.26702974381481,secundaria,0
53,3490.8143781843332,2,bueno,5018.088416397929,hipotecario,12,1,1,11.767039307422905,tecnica,0
51,2181.7659478412756,4,bueno,9207.463835632618,hipotecario,12,1,1,17.47083227280681,universitaria,0
69,2794.098770061324,0,malo,4757.840077181912,personal,24,1,1,20.32254229060957,secundaria,0
48,1665.1327408979284,3,bueno,5073.624291530799,automotriz,36,0,1,38.166061635554726,tecnica,0
27,3319.3784980842233,1,malo,1659.9890512502166,automotriz,12,0,1,9.961502729691148,universitaria,0
36,3517.756751762193,1,malo,3936.676199360664,personal,60,0,1,28.34749722643302,secundaria,1
49,2613.450830160501,1,malo,6111.177369337875,automotriz,36,0,1,8.284955918303822,secundaria,0
18,4259.189410632026,3,regular,9858.5652859025,personal,36,0,1,7.594064151592656,tecnica,0
73,2019.3874695981272,0,regular,4607.986333056619,hipotecario,60,1,1,20.28463448419155,universitaria,0
22,1828.5000958321439,3,bueno,1674.7473554972903,hipotecario,48,1,0,20.217294909897227,secundaria,1
62,3179.5614548479775,1,malo,2189.501618453382,automotriz,60,0,0,-8.323183184692535,universitaria,1
21,3837.678642089724,4,regular,4928.4206281234065,hipotecario,60,0,1,31.595962893754976,tecnica,0
33,4347.1421531662945,2,regular,7354.413596104498,automotriz,48,0,1,-1.3911412443085105,secundaria,0
41,2632.892589704848,3,regular,6274.707365750791,automotriz,48,0,1,18.540625638866985,universitaria,1
33,3862.9446667450366,3,regular,5920.511727020253,hipotecario,48,0,0,33.276154516053055,tecnica,0
72,2969.1932243994343,0,regular,7618.288773835193,hipotecario,48,1,0,42.091839666886784,tecnica,0
19,2861.8981600473444,0,malo,3559.541824962097,automotriz,48,1,0,16.369501363114203,secundaria,1
66,3706.927949989338,3,malo,5038.189439915131,hipotecario,60,1,1,5.670509163829124,universitaria,0
45,3521.858302730736,1,malo,3959.235759595209,personal,24,0,1,32.90548225767958,secundaria,1
49,1738.8862744126004,2,malo,4457.088529095853,hipotecario,24,0,1,28.651565501202622,secundaria,1
44,4181.232279780716,0,bueno,2987.46129134903,hipotecario,12,1,1,15.110077104215247,universitaria,0
37,4104.073083317961,1,malo,4312.047857132408,personal,24,1,0,13.842625417907936,universitaria,1
41,2499.5498387923762,4,regular,4944.568867509202,hipotecario,24,0,1,12.826078363405685,universitaria,1
29,3316.6428267499273,0,malo,4257.057000276899,hipotecario,60,1,0,16.554134642653665,tecnica,0
67,3395.2241490261913,1,bueno,4677.876993972396,automotriz,48,1,0,23.16068142401631,tecnica,0
52,3208.5390126591255,1,regular,5810.081086874373,hipotecario,48,0,1,14.339854172632283,universitaria,0
50,2559.755876923664,2,malo,7477.391538128799,hipotecario,60,1,0,15.604197244377595,tecnica,0
50,2462.701305649559,2,malo,7622.311736225196,personal,24,1,0,26.412790194105757,secundaria,1
68,2979.5567432068437,4,malo,6522.843534793985,automotriz,60,1,0,5.175858589411273,universitaria,0
60,3938.183215407492,1,regular,2480.037043123368,automotriz,12,0,0,16.240642800864208,secundaria,0
54,3434.8801236755457,1,regular,4279.180028860293,automotriz,48,1,1,3.240589809008984,universitaria,0
29,2703.5085343311152,2,bueno,4451.429938574797,hipotecario,36,1,1,21.084124733529013,secundaria,1
20,3617.3589685186757,0,regular,3685.700338422871,automotriz,12,1,0,0.6059459185812557,universitaria,0
18,721.1659034959398,0,regular,5684.702358059213,personal,12,0,1,28.900101268264297,secundaria,0
50,3919.0125602976827,3,malo,1811.3430134370842,automotriz,60,0,0,6.853626042079945,universitaria,0
57,1608.2289769775202,2,regular,8387.132939056582,personal,24,1,1,2.274214346385456,universitaria,0
27,2710.047246877494,3,malo,7390.441343043429,automotriz,48,0,1,16.363867040983823,tecnica,0
60,2104.264084299085,2,malo,5956.404523803516,automotriz,36,1,1,37.1110729167705,secundaria,0
61,1964.2548194232754,4,regular,4875.78134015963,personal,12,0,1,27.111924534215756,tecnica,0
46,3928.6614299028156,1,bueno,7457.678590145107,automotriz,36,0,1,0.7768589454603436,secundaria,0
30,2625.839038950487,4,bueno,6378.8098735605345,automotriz,24,1,0,6.5687473235545895,tecnica,1
29,3277.2031053845726,2,regular,7213.2755684361855,automotriz,24,1,1,16.04399626754293,universitaria,0
48,2962.463536896653,1,bueno,4881.89583548032,hipotecario,36,1,0,42.38353161770861,tecnica,0
63,3381.632661778497,0,malo,8578.626171728334,personal,48,0,0,10.61045852031132,tecnica,0
19,3061.4575128482043,0,malo,7333.775751379712,automotriz,24,1,1,10.691147562968055,universitaria,0
68,1973.6062206491442,3,regular,6019.072590871863,personal,36,0,0,35.27429386880181,tecnica,0
67,3797.013455557712,2,bueno,7511.9458408623095,personal,12,0,1,21.94907205262376,universitaria,0
52,2604.99473347095,2,bueno,4161.676116332055,personal,36,1,0,30.53000027298741,secundaria,0
40,1754.734481072199,0,malo,2664.999281305947,automotriz,36,0,0,12.729004598240353,tecnica,0
34,2657.50787122727,4,regular,5643.1010260949515,automotriz,60,1,1,18.983641522709473,universitaria,0
43,4200.607832507449,1,bueno,4885.819108373063,personal,24,0,1,33.15631862188245,universitaria,1
25,3680.1773936907944,4,regular,4604.565315444742,hipotecario,48,1,1,18.551591232642,tecnica,0
46,2721.0782924737127,4,bueno,7432.624078698806,personal,48,0,1,31.230531975264633,secundaria,0
43,2720.593836545257,0,malo,5334.2784264212605,hipotecario,60,0,0,23.8726730043453,tecnica,0
27,2742.691959026094,0,malo,5527.138147070968,personal,48,1,1,9.603709215810811,universitaria,0
43,4661.398386848673,0,regular,4345.894882491808,personal,36,0,0,19.836827876539772,secundaria,0
51,3305.548361785243,3,malo,6762.246278559052,personal,60,1,0,29.813839922750333,tecnica,0
68,3344.0333177528555,4,bueno,6403.751562615839,automotriz,12,0,0,26.69416191186885,universitaria,0
58,3824.226763225474,2,malo,6747.319353788587,hipotecario,24,0,0,19.59747101579172,tecnica,0
24,3191.0313272212106,1,regular,4005.472066727643,hipotecario,24,0,0,1.0828561102850038,secundaria,0
21,2792.7662833434374,3,regular,7608.17692009399,personal,24,1,0,2.0400851859028393,secundaria,1
70,2842.9201207320175,2,regular,8677.536847532745,automotriz,36,1,1,4.166944103728838,secundaria,0
67,2942.7189924687486,4,bueno,6684.076794649412,automotriz,12,1,0,14.89557793233449,secundaria,0
62,2970.2222107921266,0,bueno,3381.423425511418,hipotecario,60,1,0,16.22882126306552,secundaria,1
28,3582.103634909584,4,bueno,3395.5954315275976,automotriz,60,1,0,5.24588598905977,tecnica,0
46,3041.5567086458395,1,bueno,4249.246088813825,hipotecario,24,0,1,30.225127936960163,secundaria,0
73,3586.112061772463,3,bueno,3871.245571962958,hipotecario,12,0,1,7.362309227794576,secundaria,0
53,2935.426735913134,3,malo,4857.814748625471,hipotecario,12,1,0,6.294409579329905,universitaria,0
42,3062.9081522528727,1,bueno,6264.884932735695,automotriz,12,0,1,20.882357538859488,secundaria,0
38,1401.439452374314,2,bueno,5579.904881499697,hipotecario,48,0,0,29.739051199932284,universitaria,1
74,3733.0621397619852,2,malo,5404.578112772578,hipotecario,48,0,1,40.54854619813167,universitaria,0
53,3277.1907807183943,3,bueno,4517.5945003997085,personal,24,0,0,25.82545054503177,universitaria,0
27,3798.4080878877216,3,regular,4852.3081456709015,hipotecario,12,1,1,35.798297187236194,tecnica,1
54,682.9956974450488,0,bueno,6593.151015058003,hipotecario,12,0,1,7.879433482734381,tecnica,1
26,4670.699763824582,2,bueno,976.0839450003705,personal,60,1,1,41.59739260660999,universitaria,0
41,2888.328297475861,1,regular,4977.219183042537,personal,60,1,0,1.3851554944451152,tecnica,0
52,3886.546253390013,2,regular,5575.97518985465,automotriz,24,0,0,14.961607461123194,secundaria,0
66,2168.0752582995756,0,regular,6567.166137094586,hipotecario,12,1,0,25.60652519578775,tecnica,0
52,3490.2191240500556,3,regular,2979.9081214323514,automotriz,24,0,1,3.947829843040566,secundaria,0
65,2157.267549461075,3,bueno,2874.1806350937622,automotriz,60,0,1,10.729499080746663,secundaria,0
53,2500.9848314433557,0,regular,6167.909989756267,personal,60,0,0,9.140774707103658,tecnica,1
35,4531.225083093429,1,regular,1191.095519486168,automotriz,48,1,1,16.897789927502654,tecnica,0
66,2847.454079389323,3,malo,7664.378221521571,hipotecario,24,1,0,34.21582856672674,universitaria,0
56,3173.9462985437785,4,regular,5453.183982985621,personal,24,1,0,20.168250662878105,tecnica,0
49,3696.0541845510033,3,regular,8117.442425686873,hipotecario,12,0,0,15.369360557659824,tecnica,0
41,3396.5455103780837,4,malo,2825.855246860974,hipotecario,12,0,0,-8.843243671782016,tecnica,0
40,3120.335124114861,0,malo,4127.281062563519,personal,48,0,1,24.66755204838579,secundaria,0
49,3291.96880197298,0,bueno,184.2633461462283,hipotecario,36,1,1,27.900154089781793,secundaria,1
54,4922.73246819062,3,malo,3408.6204740094477,personal,36,0,1,2.999802321897885,secundaria,0
29,2953.9049623731316,2,bueno,4632.306238556242,hipotecario,36,0,0,19.330276402774782,universitaria,0
66,3160.879237371974,4,malo,1074.584839983127,personal,24,1,1,21.93008190332047,universitaria,0
72,3840.5235168060894,1,malo,4210.746375603201,automotriz,24,1,0,29.646017573036936,universitaria,0
30,3884.420746366387,3,bueno,1025.3196462795113,hipotecario,60,1,0,12.75231541754526,secundaria,0
40,3949.624244448304,1,malo,4485.07963017715,personal,24,0,0,11.246396389152029,tecnica,1
42,3510.984177623348,3,bueno,7294.223854216473,hipotecario,24,0,0,15.435027015316383,universitaria,1
52,2085.596069815613,2,malo,4930.040499771754,hipotecario,24,0,0,32.84437052777384,universitaria,0
58,4306.745225840877,2,regular,8316.414745223607,hipotecario,48,1,0,30.4384544217267,secundaria,0
47,2082.9236855850495,2,malo,6572.585126789219,personal,24,1,1,19.78654697827586,universitaria,1
34,3242.1083721912264,2,bueno,7696.295697213943,automotriz,12,1,1,30.19776527188288,tecnica,0
66,2396.579319984514,0,malo,3470.109518243433,automotriz,12,1,1,-3.686912068521586,secundaria,0
37,2948.689322725606,0,bueno,3421.7167432147953,automotriz,60,0,1,27.916542060935257,secundaria,0
65,3263.0099282427846,4,bueno,5691.226832770737,personal,48,0,0,8.812338371861534,tecnica,1
42,3257.0857723602185,1,regular,1844.595816734282,automotriz,12,0,0,37.67024494395862,tecnica,0
39,3337.536603388228,3,regular,5942.287499524181,personal,48,0,1,9.35755288066776,tecnica,1
30,4290.9690152469175,3,bueno,4352.160366906141,hipotecario,48,0,1,11.472378347663554,universitaria,1
36,3362.8274412111837,0,malo,7659.993675093314,hipotecario,60,0,1,25.62423730131178,tecnica,0
66,2804.674691767481,3,bueno,6359.024508158821,automotriz,48,0,1,26.589541347810364,secundaria,1
53,3771.269734630686,0,bueno,7193.412860680254,personal,24,0,1,15.536679212328151,tecnica,1
29,3951.5763911397125,4,malo,3491.587837209906,hipotecario,48,1,1,23.714040344230305,secundaria,0
58,2017.913747890406,1,malo,7096.420537523456,personal,60,1,1,24.95379815328487,secundaria,0
36,3477.9200558798866,4,malo,7889.424988728566,personal,60,0,1,23.93114656058034,universitaria,0
29,3560.9381938487186,2,malo,4922.5723532393185,hipotecario,60,1,0,15.95445082441604,tecnica,0
26,2761.9491973120066,2,bueno,3521.298761267024,personal,12,0,0,25.052110240856905,universitaria,0
24,4100.565450649296,2,bueno,3556.425597531181,hipotecario,24,0,0,34.06370405016494,tecnica,0
45,2879.9555303739785,4,regular,7478.02598403193,hipotecario,12,1,0,7.745115207811734,tecnica,0
31,3100.4611627772338,3,bueno,10368.691484846622,hipotecario,36,0,1,11.59939964458194,tecnica,1
48,2861.5425405729043,1,malo,3036.709859649556,personal,24,0,0,20.272556323605794,tecnica,0
69,3012.463238065174,2,regular,2882.9598999148798,hipotecario,48,0,1,9.43775959331967,tecnica,0
36,2122.9799304838384,2,malo,6842.8283613489575,personal,60,0,0,1.9659626577273954,secundaria,0
64,1847.9592939245645,2,bueno,3492.172941266711,hipotecario,36,0,1,30.931229758819565,secundaria,0
33,4275.604050579977,1,regular,7036.71076845654,hipotecario,24,0,1,-2.287882660262497,tecnica,0
70,2322.430921345338,2,malo,5930.692347053292,automotriz,12,0,0,15.976173024756646,secundaria,0
22,2206.886120434954,1,regular,4952.045395004072,automotriz,60,1,0,27.589443197586707,universitaria,0
52,1277.2879091170282,2,regular,5882.543069043376,automotriz,12,1,1,22.666997895020724,universitaria,1
29,2488.830601848398,4,bueno,5760.396738306788,personal,24,0,1,16.127506340210477,universitaria,1
42,1941.5281652740014,4,malo,4640.787004427649,personal,24,1,1,9.025604234650409,tecnica,0
69,4313.6121281090955,1,regular,1487.277936723011,hipotecario,36,0,0,23.43867813147937,tecnica,1
38,3807.853671474107,4,regular,5357.3014571780695,hipotecario,48,0,0,10.116055615331272,secundaria,1
53,2449.479723857821,1,malo,8146.120732128329,hipotecario,12,0,1,22.659325863182623,secundaria,0
70,4801.948644275447,4,regular,1782.4626735909528,hipotecario,36,0,0,21.409176482347565,secundaria,1
40,3785.4123895932753,4,regular,3068.4299597221107,personal,60,1,1,21.510329090551355,universitaria,1
33,2740.134893193102,1,regular,5853.653949532022,hipotecario,48,1,0,13.596812408205844,universitaria,0
74,1000.4754281011415,3,malo,5077.183725464562,hipotecario,36,1,0,40.35009109334789,universitaria,0
56,4832.754058072594,4,malo,5822.364319168579,automotriz,12,1,0,23.582066338703747,universitaria,0
62,1888.3420265891232,2,malo,3601.3635843446764,hipotecario,24,0,0,17.212910757803527,secundaria,0
70,1683.6810024344866,3,malo,7324.916573184612,hipotecario,60,1,0,22.642705730618044,tecnica,1
59,3818.056345607712,1,bueno,5093.801131380422,hipotecario,12,0,1,12.255383560756899,tecnica,0
56,4951.801925071419,3,regular,6393.971044686114,personal,48,0,1,16.136955015220938,universitaria,1
31,4107.4182548084145,0,malo,5640.554821942193,automotriz,48,1,0,43.91919932119517,tecnica,1
48,3451.127296041888,0,regular,5350.989935921985,hipotecario,24,0,1,12.326191935576915,tecnica,0
22,3475.803473332229,4,regular,6253.66731405626,hipotecario,24,1,1,19.222272997355837,tecnica,0
52,3682.732447024246,4,bueno,5372.975907933901,automotriz,60,1,0,15.43895150250234,universitaria,0
40,3607.142871829412,2,malo,2619.601943808976,hipotecario,60,1,1,9.603660571752204,secundaria,0
46,3224.953139175501,3,malo,7174.713651431929,personal,24,1,0,24.210849902198063,secundaria,0
60,3083.360883161501,0,regular,6636.2545724963675,hipotecario,24,1,1,20.36472176654209,tecnica,0
28,2949.9254976803823,4,malo,786.2992172843806,personal,48,0,1,29.110273089999275,secundaria,0
35,2396.828328906659,3,regular,3691.599430248645,personal,24,1,1,28.10577920330005,secundaria,1
64,2775.459938506581,4,regular,7084.720924985613,hipotecario,36,1,1,29.007077190419956,universitaria,0
29,1645.6345486436917,4,bueno,1346.1429070443323,automotriz,12,0,1,10.817966271490063,universitaria,0
26,2921.3282985642,0,bueno,6887.133763801488,personal,24,1,1,26.40960799203096,tecnica,0
27,2209.127114279266,0,bueno,4717.554928691498,automotriz,60,1,1,26.652715062900945,tecnica,1
61,2117.128546227383,4,regular,7680.565140667982,hipotecario,36,0,0,9.78937001793144,tecnica,0
34,3143.915320922783,1,malo,4997.706421849073,personal,60,0,0,16.813837577727604,universitaria,0
55,4113.601829075679,4,bueno,3555.8640140087446,hipotecario,36,1,0,5.438879035210318,secundaria,1
24,3734.6532848018505,4,malo,5616.171321518281,automotriz,24,0,0,26.69622632380284,universitaria,0
63,1743.5995171014583,2,bueno,4939.229020980028,hipotecario,12,1,1,26.650224694439736,universitaria,0
30,2208.29749074373,2,bueno,3378.2977317186387,hipotecario,60,0,1,34.30362799118355,secundaria,0
57,3752.6169503905726,2,regular,9436.686966022773,personal,36,1,1,17.712014921856543,secundaria,1
59,2214.0100851693524,1,bueno,3057.8036368313706,hipotecario,48,1,0,24.51469586563796,tecnica,0
26,2820.2934800023804,1,bueno,514.0892498804114,hipotecario,24,1,0,29.877351010253083,secundaria,0
67,3440.0416792196415,4,regular,8163.397936242985,hipotecario,12,0,0,12.461084714453085,secundaria,0
44,2225.324436109092,2,malo,3832.873055368147,personal,24,1,1,10.940348586823008,secundaria,1
19,3084.300404916768,1,bueno,4406.453478068609,automotriz,48,0,0,12.77114798923835,secundaria,0
22,1932.7796040654364,0,regular,4284.187870741932,automotriz,12,1,1,16.50704531794779,tecnica,0
46,2518.905884839029,4,bueno,3860.697131683348,hipotecario,48,1,0,11.294456443538468,tecnica,1
54,3255.82554731403,3,regular,3467.615057473108,personal,24,1,1,13.201722900387763,secundaria,0
55,1725.6050131746645,4,malo,3006.365395006071,hipotecario,36,1,0,28.809151690332452,secundaria,1
36,3352.379790368319,3,malo,5129.519523409132,automotriz,24,1,1,19.036533685057073,tecnica,1
25,2984.289760858655,2,regular,4196.02488464873,personal,24,0,0,23.06698373659436,tecnica,1
65,3441.9919635337183,3,regular,6460.7243806678935,automotriz,24,0,0,14.492832118814247,secundaria,0
62,3179.131307251729,2,regular,5965.388103232308,automotriz,60,0,1,13.836345708176598,universitaria,0
18,4091.312343979075,0,malo,3144.9756129491916,personal,48,1,1,22.855558895403973,tecnica,1
39,3100.179602118326,3,bueno,5217.042552144712,personal,48,1,0,21.26062328003405,tecnica,1
69,2656.4755670997974,4,malo,4164.3233517572935,hipotecario,48,0,1,27.779866783080692,tecnica,0
34,3097.838002425827,2,regular,3016.6791147326685,hipotecario,60,1,0,33.01592998003993,secundaria,1
24,3434.6384232291102,4,regular,6378.863141030265,automotriz,36,1,1,13.085877957235951,secundaria,0
42,3039.0880562605635,1,malo,4757.3494413832705,personal,24,1,0,28.61184537763781,tecnica,0
62,3032.4733529631058,2,regular,4184.899959659042,personal,36,0,1,9.201938323068372,secundaria,0
21,2438.4066497545955,3,malo,3288.8655271534417,hipotecario,60,0,0,40.73778682803284,secundaria,1
53,2469.6792659592415,2,regular,2944.126477853322,automotriz,48,0,0,12.136959468616713,tecnica,0
23,1877.9157825602451,4,bueno,8977.536047829091,automotriz,24,0,0,26.906305697567596,secundaria,0
48,4399.661394549552,0,bueno,5668.237299259993,hipotecario,12,0,1,9.127596612553344,universitaria,1
36,2004.909411686972,2,regular,2817.741925594367,personal,12,1,0,18.479091138532013,secundaria,0
61,2445.675841763274,3,malo,5575.731796645626,hipotecario,36,1,1,35.45733142153516,secundaria,0
71,2425.274187544642,1,bueno,7124.032353591076,hipotecario,48,1,1,11.822958480139272,tecnica,0
56,3715.939501555553,0,malo,5335.0352250600845,hipotecario,12,1,1,42.041861678862226,tecnica,0
44,2764.040257366378,1,regular,7748.042684266249,hipotecario,36,0,0,19.94724402890954,universitaria,0
27,3998.1936581389873,2,malo,1914.3737158600657,personal,60,0,1,29.757125379826658,secundaria,1
43,2461.2075006049054,4,bueno,1017.3559052395785,hipotecario,36,1,1,24.02944573503603,universitaria,0
36,3223.1953297790415,4,malo,5521.034843707506,personal,36,0,1,24.57040065596367,universitaria,1
56,2331.722357392194,3,malo,5552.992286747766,hipotecario,36,1,0,5.738862828568953,tecnica,0
20,4716.119302218711,4,regular,-1679.0003565084844,automotriz,24,1,1,15.271472070219538,secundaria,0
62,2049.9212647763898,0,regular,3752.84781759597,personal,36,1,1,31.959764624837035,tecnica,0
30,3247.856568181622,4,regular,2982.6753712330897,automotriz,36,1,1,16.55678798230003,universitaria,0
67,3507.0215047456786,3,bueno,2216.107518593687,hipotecario,24,0,1,21.388320827178134,universitaria,0
45,3331.0392779611984,2,bueno,2977.9164707803784,hipotecario,24,1,0,4.525778716308489,tecnica,0
37,2851.7698728978335,2,regular,6191.575603198719,hipotecario,60,0,0,14.624230589992559,tecnica,0
45,2896.143440213259,4,regular,2965.1899574205836,personal,48,1,1,31.230392976314654,tecnica,0
25,3035.0491775832875,1,bueno,3033.7557308363166,automotriz,12,1,1,7.173705680730597,tecnica,0
58,2882.398398697209,2,bueno,1762.3893822846421,personal,12,1,1,27.17079036996164,tecnica,0
56,3771.1032934359278,4,bueno,7537.819285031652,personal,36,1,1,21.777781385849856,universitaria,1
18,4768.418401273081,3,bueno,5869.264730941269,hipotecario,60,0,0,17.640445139768214,tecnica,0
20,2554.006571993733,4,regular,15.287594194197482,automotriz,36,1,0,17.20075457677993,secundaria,0
30,1904.1576163367376,2,bueno,3035.519841553627,hipotecario,12,0,0,15.089703019220124,universitaria,1
45,2929.3743613189963,3,regular,6057.035768789852,personal,24,1,0,15.980290279430372,universitaria,1
74,5063.7674701234555,4,malo,7562.785097965674,hipotecario,48,1,1,29.297402248111574,secundaria,0
66,2357.060345624215,0,malo,6681.677518733313,automotriz,60,1,1,15.679561857552258,secundaria,0
42,4311.293444355254,3,bueno,4288.634179484229,hipotecario,24,0,0,38.07590322192307,universitaria,0
73,4342.160651261152,0,malo,1137.2462784139234,automotriz,48,1,0,22.99532503043212,tecnica,0
50,2557.1294066336045,1,malo,6740.49798782262,automotriz,60,1,1,14.237380709717275,universitaria,1
55,3455.18646334822,3,malo,4406.206297358991,hipotecario,60,1,1,29.733659524856144,universitaria,1
70,4302.71729850283,0,bueno,5137.724029230139,personal,12,1,1,26.238959430765767,secundaria,0
23,2696.6978072100105,2,bueno,4645.1591235830065,hipotecario,24,1,1,3.4582355977234123,universitaria,1
61,2837.1357119181107,2,malo,2288.9410008474642,personal,60,0,1,9.655286429824624,tecnica,0
62,2534.6552688410848,1,regular,5728.500424445978,personal,60,0,0,18.845796987975877,secundaria,0
49,2188.1946154457064,3,malo,5452.918062226893,hipotecario,48,1,0,4.163920655798027,universitaria,1
62,2480.5779639471943,3,bueno,4148.422314170403,personal,12,1,1,40.905299019716125,universitaria,0
64,2020.8477865901948,3,bueno,5942.211599724974,personal,36,0,1,28.22232182039341,tecnica,1
38,3027.2667746073807,1,bueno,2252.000905153388,hipotecario,12,1,0,19.866671529635383,universitaria,1
33,2384.0214151530863,3,malo,4461.994448233782,hipotecario,36,0,1,16.572934463867366,universitaria,0
71,3187.028729432598,2,regular,5052.254945871578,hipotecario,24,1,0,14.00336345641001,universitaria,0
38,1755.2834830370982,0,bueno,1530.1447357298757,personal,24,1,0,0.3596784202909049,universitaria,0
28,3264.704185771566,2,bueno,4885.806778327893,automotriz,60,0,0,2.6712634835437044,tecnica,0
54,3666.8231692871395,2,malo,6467.290293362592,personal,24,1,0,39.01120731267608,universitaria,0
53,1405.0114859428356,0,regular,4393.538151914265,automotriz,60,0,1,35.73599639232585,universitaria,0
52,3299.245255878058,2,malo,4931.770194971311,hipotecario,12,0,1,14.242222450759595,universitaria,1
36,3982.1351939786337,1,bueno,6124.688078468334,automotriz,24,0,0,29.07999156182457,secundaria,0
37,2032.2871850470356,0,regular,4224.399782267455,hipotecario,12,1,1,25.06420774997031,tecnica,0
74,4338.0579094701625,2,regular,4404.405200911422,hipotecario,12,0,1,26.24287956648842,secundaria,0
35,3335.2152074928363,4,bueno,2646.5929709350658,automotriz,24,0,1,5.748222354992944,secundaria,1
64,2435.990515393273,2,regular,4970.12644535847,hipotecario,12,1,1,1.9182207746984012,tecnica,0
58,2955.384737873835,1,regular,4330.303032790439,automotriz,24,1,0,31.82594359069889,secundaria,0
66,3446.661530017378,3,malo,5998.179590106645,hipotecario,24,1,1,0.2070169696316988,secundaria,1
31,3060.804313129929,2,bueno,6126.919908366478,personal,24,1,0,18.518064586174848,secundaria,0
32,3431.0047939570954,3,bueno,6582.418078025762,personal,36,1,0,16.32297673782213,tecnica,0
48,2263.461125536507,4,bueno,3983.4792982097383,hipotecario,12,1,1,15.398490383235915,universitaria,1
18,3135.488659228862,2,bueno,646.837828751768,hipotecario,48,0,0,23.14450822290657,tecnica,0
70,1869.0284024760158,0,bueno,6483.279492929549,automotriz,24,1,1,13.224075702215483,tecnica,1
71,2911.01915092104,3,regular,5862.241928194819,personal,12,0,1,23.957354624650478,tecnica,0
71,2276.873886828168,4,malo,3729.41679062782,automotriz,60,1,0,21.41155414691195,secundaria,0
20,2411.576045928187,0,bueno,6109.880399134674,hipotecario,24,0,1,40.98732354050425,universitaria,1
33,3988.87454016835,0,malo,2102.8203949675167,hipotecario,24,0,0,6.145906081818707,tecnica,0
40,3873.048096475415,0,malo,7060.48042574055,automotriz,48,1,0,20.29268983904827,tecnica,1
74,3487.3104967257414,0,regular,4332.7508964119,hipotecario,36,1,1,24.313450998777633,universitaria,1
28,2126.149788261937,2,bueno,3342.144773990209,personal,36,0,1,17.43597444467704,universitaria,1
29,2746.8732402441583,2,regular,3756.5968875222247,automotriz,24,1,1,6.629248921121619,universitaria,1
27,3970.478159983347,2,bueno,4537.030027999575,personal,12,1,0,32.571027806551946,secundaria,0
49,3113.373530911924,4,regular,4975.975853401073,personal,60,0,1,23.36934330144052,universitaria,1
33,4855.463631985355,4,malo,5096.560560798814,personal,60,0,0,7.3310328707340595,secundaria,0
25,3314.6542715154974,4,bueno,4140.785112083752,automotriz,12,0,0,24.3866796255826,tecnica,0
55,3153.6392931920254,1,malo,5400.4791469229585,hipotecario,24,1,1,37.01566070052857,secundaria,1
29,2752.706828637999,4,malo,5016.558548666868,personal,60,1,1,19.6368406658408,universitaria,0
41,3106.8327238258257,2,regular,3704.854008851202,personal,36,1,1,19.977873305294377,secundaria,0
45,2878.0241308955647,2,bueno,3403.6187511574717,personal,12,1,0,35.680050310433195,universitaria,0
70,3566.4869413508723,1,malo,6216.7310857896755,hipotecario,48,0,1,10.296160182487467,secundaria,0
25,3765.3618534356674,1,regular,6048.652071995811,hipotecario,24,1,0,37.27552042620682,tecnica,1
45,2371.2084315936404,4,bueno,5114.272710322527,automotriz,12,0,1,29.72911070368237,secundaria,0
53,1935.0136371537776,3,bueno,6848.3909319804025,hipotecario,60,1,1,10.757810360199846,tecnica,0
43,1531.0357015173627,1,malo,1077.3446876647308,automotriz,24,1,0,13.317310001558848,universitaria,1
25,3406.393061530035,0,bueno,3871.210716986594,automotriz,36,0,0,14.751871663177104,tecnica,0
67,2117.3067150609013,2,malo,2687.3657753307116,automotriz,24,1,1,1.6643578601291011,universitaria,0
45,1277.6875256380138,0,bueno,9512.544530275702,automotriz,24,1,1,22.604717490708808,universitaria,0
45,3310.8628836247713,2,regular,6426.439640791973,automotriz,36,0,1,11.210529967521467,tecnica,0
54,4994.399613946232,2,malo,4841.876032683448,personal,36,1,1,22.965513214313056,tecnica,0
58,2995.143270768085,1,malo,6569.981157692313,hipotecario,24,0,1,7.090567496747832,secundaria,1
53,3670.7926195613136,1,bueno,7232.551327510229,personal,36,0,0,29.230132368944993,secundaria,0
44,3065.463486838052,0,bueno,7211.263383048142,automotriz,12,0,0,27.376259301305023,tecnica,1
71,2920.888277447086,2,malo,6843.406970200706,hipotecario,36,0,0,12.941209859397848,tecnica,1
34,3735.261186390215,0,bueno,4474.9193534358765,personal,36,1,0,23.59649157882116,tecnica,0
26,2767.780364649079,3,regular,3997.269161032096,personal,24,1,1,20.8292055930958,tecnica,0
50,3213.9138512575223,0,bueno,3075.6216400386297,automotriz,12,1,0,34.82299486152912,universitaria,0
70,3257.3582449568107,4,regular,6004.894533458015,personal,48,0,0,9.675210321051278,tecnica,0
37,2465.527637085561,0,regular,4682.128529342438,personal,48,1,0,18.477020215058534,tecnica,1
30,3793.6338796292184,4,regular,4163.057938965609,personal,60,1,1,13.59316363292227,tecnica,0
45,2860.032194643673,4,regular,4058.677276544395,personal,36,1,0,20.448181971001677,tecnica,0
65,2395.403872405724,4,regular,7900.385261269377,personal,36,1,1,25.332736027835935,universitaria,0
46,3429.2078748563226,3,bueno,6905.360825683342,automotriz,12,0,0,13.48192621926291,secundaria,0
30,2281.22561456717,0,regular,8660.787712256331,automotriz,48,0,1,16.358937786107877,secundaria,0
63,3022.5449258953026,0,bueno,6058.032599784217,personal,60,1,0,29.660407980573627,secundaria,0
52,2992.7048026846373,3,regular,5113.908880509796,automotriz,12,0,1,33.573246619264424,secundaria,0
23,3868.7164526652623,2,malo,4949.19509851015,automotriz,36,1,0,24.935160352028785,secundaria,0
35,3379.758586303962,1,regular,2959.396905477054,hipotecario,48,1,1,18.62036901256841,universitaria,0
68,2979.9784330038847,0,malo,2477.1620164971987,personal,60,1,1,17.669030789628508,secundaria,1
22,3654.2130393602297,1,regular,6014.68204378575,automotriz,24,0,0,25.481263287272903,universitaria,0
64,4112.166039213851,3,regular,3130.6425790334906,automotriz,48,1,1,22.277670014048716,universitaria,0
42,3446.2482450814896,2,regular,5422.915507734471,personal,60,0,1,3.510241621086969,secundaria,0
19,3008.2820958747043,2,malo,7230.933366190423,hipotecario,12,0,0,25.72385232307903,secundaria,0
27,1950.5310141198725,2,malo,3669.092133938207,personal,24,1,0,11.39430210577438,secundaria,1
73,2147.9090695397017,3,regular,9020.963269183156,hipotecario,60,0,1,5.830635915243478,tecnica,0
47,2755.820236516266,4,bueno,3018.609758111801,personal,60,0,0,3.3165511189127415,universitaria,0
67,2512.3902382725737,4,regular,6980.389512979692,personal,36,1,0,17.83895628816681,secundaria,1
62,2850.422957611643,1,malo,5849.512362264724,personal,48,0,0,9.834756378173976,tecnica,1
22,3045.3199399176856,4,regular,7388.190499892302,personal,36,0,1,-3.2636155973919756,universitaria,0
72,3423.7542034853846,4,malo,2767.6047772806205,hipotecario,24,1,1,16.415444931631892,tecnica,0
73,2943.600977552727,2,malo,9614.041833907222,hipotecario,60,1,1,15.094291651141342,tecnica,1
50,3389.2013150609614,2,malo,4642.4498324341885,automotriz,36,0,1,18.5009888534162,secundaria,0
71,3051.5795318480964,1,regular,6353.295878598563,personal,48,1,1,13.711020459576229,universitaria,1
18,1419.626746916903,0,malo,7888.974977893002,hipotecario,24,1,1,38.29329663527278,tecnica,1
35,2248.5316849449964,1,malo,3790.675865009569,hipotecario,12,0,1,25.173372946836405,universitaria,1
49,2884.7299554227075,1,regular,6651.452725894357,hipotecario,36,0,0,15.003866763785226,secundaria,0
64,2032.244205727114,3,malo,3457.0607095570144,personal,24,1,1,19.363731625526373,universitaria,1
66,3479.9429839969634,3,regular,7793.923160915679,automotriz,12,0,1,34.146426674953474,tecnica,0
28,4224.6006658749575,1,malo,3479.6385375425325,hipotecario,36,1,0,29.56622811735491,tecnica,1
38,3975.0094813578535,1,bueno,5077.013964991518,personal,24,1,0,6.037881856249676,universitaria,0
43,2829.2457032558336,1,bueno,5612.24140202392,hipotecario,24,0,0,10.257094391733705,tecnica,0
42,4192.5809094799615,4,malo,6568.599539445231,hipotecario,36,0,1,12.181531259766595,tecnica,0
39,3118.9339657616893,3,bueno,8936.95261685309,automotriz,24,1,0,15.603000490641913,tecnica,0
44,2730.3312231055684,1,regular,4096.062020771021,hipotecario,60,1,1,14.045767971239577,secundaria,0
66,2509.2778691672484,2,bueno,7277.469548547213,hipotecario,36,1,1,20.340092548610777,secundaria,1
30,2758.0242508094975,2,malo,8940.516897268273,personal,24,1,1,27.35721311018888,tecnica,0
50,2689.458545167017,4,malo,5331.466721729835,personal,12,0,0,29.026602893824858,universitaria,1
51,3136.3329779003902,4,regular,3899.7344997594173,automotriz,12,1,0,16.732026571007093,secundaria,0
58,3128.459184839892,0,malo,1539.9325211294167,personal,60,0,1,3.6530648124560408,universitaria,0
52,3002.4368161227317,0,regular,8766.551534822125,personal,36,0,1,9.595900581282583,tecnica,0
18,3349.5505357970796,0,bueno,4511.111340151273,automotriz,24,1,1,14.802252103699697,tecnica,0
38,3952.517019829073,4,bueno,2997.283001538898,hipotecario,24,0,0,7.549655407486425,universitaria,1
65,3759.643308353059,4,regular,2283.3398315804743,automotriz,12,0,1,31.40858986701614,secundaria,0
72,1812.0816252400773,4,regular,2993.571619219917,personal,60,1,0,8.20458941419272,universitaria,0
23,956.8630920784362,2,malo,6839.410586454331,automotriz,12,0,1,26.170630447352032,universitaria,0
45,3747.455928991419,4,bueno,7115.737055349477,hipotecario,12,0,0,3.1811964497746175,tecnica,1
34,1906.4970412676632,2,regular,6304.243742911072,automotriz,60,1,1,26.572011012960537,secundaria,0
22,2820.187678485853,0,bueno,5264.675654706729,personal,36,1,0,18.607312933324142,universitaria,0
48,2063.9095791525124,0,regular,2508.9588209973285,personal,24,1,0,35.125307023025506,secundaria,0
22,1558.4156499359842,0,bueno,3540.118108195905,automotriz,36,1,0,8.6843739345367,tecnica,0
55,3433.17018256383,1,malo,2786.761178637449,hipotecario,48,1,0,14.358851993884054,secundaria,0
20,3607.3241282421177,1,bueno,6145.6420110525305,automotriz,48,1,0,16.295673985895604,tecnica,1
70,2538.7916794186244,3,bueno,2873.3750422765916,hipotecario,48,1,0,18.47499929849688,secundaria,0
40,927.166166284072,3,bueno,3571.5077778928153,hipotecario,60,0,1,16.540191690975092,universitaria,0
54,2563.004441398014,3,bueno,4633.025514002986,automotriz,12,0,1,16.73321434091013,tecnica,0
70,3313.443204322037,1,bueno,1660.399693807306,hipotecario,36,1,1,16.56937456614337,universitaria,0
54,1816.870744980697,1,malo,5093.542861681693,personal,24,0,1,-0.7117988258046637,tecnica,0
27,3146.6879358233246,3,regular,4785.694237928927,automotriz,48,0,0,29.93334501607768,secundaria,1
27,2987.7521206616034,3,bueno,7368.418291923382,hipotecario,36,1,1,48.611365676336845,secundaria,1
36,3463.4331996808705,4,malo,3360.268909932496,personal,48,0,0,22.982711046009882,tecnica,1
34,3095.6642947313226,3,bueno,2401.6089633753286,automotriz,48,1,0,8.642491521417062,tecnica,1
38,2221.5448472947555,4,bueno,4251.88070081743,personal,24,0,0,9.65461369151713,tecnica,0
31,3957.257201331593,2,regular,2803.817413127968,personal,60,1,1,26.13174001891568,secundaria,0
26,2873.176341578424,1,bueno,5078.309183626249,personal,12,0,0,23.854694758482434,tecnica,0
63,2978.1563683920544,3,malo,1280.130276346788,hipotecario,60,0,1,17.157098894466618,tecnica,0
18,2253.3856327414433,1,malo,3789.309193245437,automotriz,36,0,1,27.534043708791856,universitaria,0
68,2645.3741990467915,1,regular,3143.2566603555606,automotriz,60,1,1,-0.6388504675449127,tecnica,0
62,2292.157828778479,1,bueno,6135.514154172138,hipotecario,36,0,1,27.54062127231124,universitaria,0
30,2861.6431520612614,2,malo,3378.8705807492697,automotriz,36,0,1,22.377611645948928,universitaria,1
21,4369.366784113875,0,bueno,1527.8084828030019,personal,12,1,0,10.040520092167677,universitaria,1
18,1902.479085654915,3,bueno,4596.359806130903,automotriz,24,1,0,5.666760716193156,secundaria,1
66,1709.150881698607,0,bueno,5639.772280549018,hipotecario,12,0,1,21.213272827456272,universitaria,0
57,4176.936261994887,0,regular,4457.589613478549,personal,60,0,0,34.072381367677636,tecnica,0
49,2832.541058278507,0,bueno,3777.3544415617844,hipotecario,36,0,1,17.719067680029656,secundaria,0
51,2464.7418090720666,1,malo,3656.8757988314746,personal,48,0,0,11.473149837671603,secundaria,0
45,3831.923749916861,4,bueno,5225.8960648840675,personal,48,1,0,21.912882601362526,secundaria,0
48,2515.507568210509,1,malo,3221.1025015209034,automotriz,36,0,0,38.20871810123474,secundaria,0
25,4460.8077708375495,1,bueno,4343.034057178933,personal,12,0,0,24.312998130637162,secundaria,0
56,3542.340697071415,0,malo,6500.893141774747,hipotecario,24,1,0,25.394019882094078,secundaria,0
43,2609.670873483438,1,malo,2397.353842188709,automotriz,12,0,0,32.22798635970556,secundaria,0
51,4725.8465706124025,0,bueno,4912.665960519455,hipotecario,36,0,0,24.725573993838225,universitaria,0
71,2515.4280615973294,4,bueno,1422.0211744059907,personal,36,0,0,12.190302928398458,tecnica,0
71,3593.6762976074456,3,malo,5455.859340019906,hipotecario,24,1,0,2.5543504810196396,tecnica,0
20,3239.4340643251935,0,regular,3042.381578401878,hipotecario,60,1,0,10.783468802217376,universitaria,0
67,4041.3930315190382,4,bueno,7039.18362606159,personal,60,0,0,8.952736949023253,universitaria,0
29,4249.208957381482,3,regular,2046.1053807093022,automotriz,24,0,0,26.593081195113275,secundaria,0
18,3025.6033192526133,2,bueno,5884.158073602016,hipotecario,60,1,0,27.983480513491077,secundaria,1
71,2397.2657037230533,0,bueno,7442.262157052986,personal,48,0,1,21.755720617154882,universitaria,1
61,3367.977714351293,0,bueno,2938.621197159063,automotriz,60,0,0,7.31308023156827,secundaria,0
22,2457.827704198315,2,bueno,3276.2301420101207,automotriz,60,1,0,37.86597023926696,tecnica,0
47,4610.709798021298,2,regular,3111.608711246805,automotriz,60,1,0,15.837897861604116,tecnica,0
47,3109.22826486619,0,bueno,4028.2746231913916,hipotecario,48,1,0,26.034810103015367,secundaria,0
74,2707.742758950313,2,malo,6034.843598378931,hipotecario,60,0,0,20.49324836699559,secundaria,0
34,3147.7442446919267,1,malo,3864.990132225753,hipotecario,48,0,0,22.086634832499147,secundaria,0
65,1922.2989683762428,3,regular,2758.083549587286,automotriz,24,0,1,25.68184003340398,tecnica,0
64,2222.7087691914785,3,bueno,962.4925868334194,hipotecario,12,0,1,13.039798383990481,secundaria,0
40,3960.33112635554,3,malo,8203.895013024792,personal,24,1,1,33.054024262651666,universitaria,1
32,2474.4845768228834,1,regular,8360.991260829294,hipotecario,12,0,0,4.204945829127272,secundaria,0
54,2162.4712138544483,2,bueno,6120.474078976913,hipotecario,24,0,0,9.614436939641156,universitaria,1
38,3429.322202021829,4,malo,3379.2326111500306,automotriz,12,1,0,32.924293743370825,secundaria,0
31,3948.5633237303973,2,malo,6495.404230263293,hipotecario,12,1,1,25.900047611044712,secundaria,0
19,3575.1626485320535,0,regular,6897.413834986132,personal,36,0,0,45.40391097681434,tecnica,1
28,3796.8381486446533,3,bueno,4491.503737174533,automotriz,12,1,0,20.683504436531305,universitaria,1
68,2394.5639291444313,2,bueno,5082.737087997781,personal,12,1,1,37.00429296459093,universitaria,0
56,1862.551466606525,4,malo,7463.536458978985,automotriz,36,0,1,1.425212173365967,universitaria,0
55,4201.066921564389,0,malo,1719.0772858871833,automotriz,60,0,0,5.864850268028052,tecnica,0
51,2741.8561289262916,1,malo,6996.845646244348,hipotecario,60,0,0,28.955255374169738,universitaria,0
55,2799.3335868359623,1,bueno,4381.692377286974,personal,36,0,0,2.5963217438551496,tecnica,1
67,4062.5553134792463,4,regular,2774.843395977899,automotriz,48,1,0,18.026323929905107,secundaria,1
51,3444.984007520528,0,regular,2939.3870534113225,hipotecario,12,1,1,31.672090836471583,secundaria,0
35,3364.710217665286,3,bueno,3270.5557309618234,automotriz,12,0,0,25.011712644886682,universitaria,0
47,4732.001875920867,2,regular,2579.858559797594,automotriz,36,0,0,20.110952203195794,secundaria,0
32,2485.1854156958857,0,malo,8542.777948778032,automotriz,36,1,1,15.508925311706848,secundaria,0
44,3742.27210246499,1,regular,5982.405877002002,automotriz,48,0,0,22.022258745919647,universitaria,1
68,3045.6104999176678,4,regular,7128.965507217137,automotriz,60,0,0,25.7724837237553,secundaria,1
51,3214.8738230906056,4,regular,6124.736583233356,automotriz,24,0,1,13.39105663013817,universitaria,0
69,4222.774741130025,2,malo,5122.455216940347,hipotecario,60,0,1,23.717360280120474,universitaria,0
74,3406.268605031699,4,bueno,5149.510646731264,automotriz,12,1,0,30.784307441987107,secundaria,0
55,3430.636863239706,4,malo,4204.974722180275,personal,36,0,1,17.77521866700142,secundaria,0
50,3858.0058698478415,0,bueno,4368.435247119659,hipotecario,48,1,1,20.681228501406515,secundaria,1
41,2708.037816365692,3,bueno,2183.7932523742165,personal,60,0,0,24.837788340027778,secundaria,0
32,2328.632266128795,2,bueno,7163.652302080526,automotriz,48,0,1,25.51334216089744,secundaria,0
47,2164.152644783173,0,regular,1373.5334279939093,personal,60,1,0,28.7845357299844,tecnica,0
72,1426.9147284991986,3,regular,2882.778818941602,automotriz,12,0,0,9.856250440180501,secundaria,1
59,4644.965703952257,0,bueno,9024.06826192122,automotriz,24,1,0,14.710774976146897,tecnica,0
68,2117.4333074226533,0,bueno,5272.345766129653,hipotecario,48,0,0,15.081213079503463,universitaria,1
34,2822.9971011313824,4,regular,5355.420890060397,hipotecario,48,0,1,10.960878348373232,secundaria,1
22,2778.5493600888635,3,malo,6274.677095535458,automotriz,24,0,0,2.015860786421854,secundaria,1
46,3245.9253582472807,2,bueno,1919.325013757209,hipotecario,48,0,0,-12.544789412977082,secundaria,0
21,3652.589770031437,2,malo,2212.4132670599533,personal,48,0,0,31.954527117529803,universitaria,0
27,3688.378790687796,3,regular,4110.211306902307,hipotecario,60,1,0,4.461069955524572,tecnica,0
73,2533.538049144849,4,bueno,3193.2780849046194,hipotecario,60,1,1,35.66509126705908,tecnica,0
34,2866.302628970871,1,malo,4850.088069981199,personal,24,0,1,27.394094886164623,secundaria,0
27,3226.0639603906397,0,malo,5971.0985906042715,hipotecario,12,0,1,15.943116201937467,secundaria,0
34,2801.047099053162,4,malo,7778.326095741191,automotriz,48,1,0,26.164221048147336,secundaria,0
37,4285.8764608159945,3,regular,6622.176679579182,personal,12,1,1,24.251332467137214,secundaria,1
41,3392.779961310601,0,regular,3011.446576622091,automotriz,24,0,1,8.982256370602261,universitaria,0
22,3587.9022288398537,2,malo,4250.071844104414,personal,24,0,0,19.850222263703692,secundaria,0
51,3530.30501493393,1,malo,3706.1096575007705,automotriz,60,1,1,10.201612274585079,universitaria,1
23,3938.77908598826,2,regular,2966.878241975301,automotriz,48,0,0,26.54128002171092,secundaria,1
